Index,Updated,Chunk,Publisher,Title,Genre,Collection,RAM,FP,PCHARME,GAGS,AXR1,WEROM,PPTOOLKIT,Joystick,Status,Author (if known),Directory,Boot Address,To Run,Filenames,,Notes,Documentation Link
1,V1,Comm,A&F S/W,Cylon Attack,Game,,,,,,,,,,present,,AF,8200,"CH.""CYLONATT""",CYLONATT,,Works,
2,V2,Comm,A&F S/W,Death Satellite,Adventure,,,,,,,,,,present,,AF,8200,"*LOAD ADV1P
*RUN ADV1D","ADV1P
ADV1D",,Works,
3,V1,Comm,A&F S/W,Early Warning,Game,,,,,,,,,,present,,AF,8200,"CH.""EARLYWAR""",EARLYWAR,,Works,
4,V14B1,Comm,A&F S/W,Painter,Game,,,,,,,,,,present,,AF,8200,*RUN PAINTER,PAINTER,,Test,
5,V1,Comm,A&F S/W,Polecat,Game,,,,,,,,,,present,,AF,8200,"CH.""POLECAT""",POLECAT,,Works,
6,V14B1,Comm,A&F S/W,Space Panic,Game,,,,,,,,,,present,,AF,8200,*RUN PANIC,PANIC,,Test,
7,,Comm,A&F S/W,Starburst,Game,,,,,,,,,,missing,,AF,,,,,,
8,V1,Comm,A&F S/W,Torpedo Run,Game,,,,,,,,,,present,,AF,8200,*RUN TORPEDOR,TORPEDOR,,Works,
9,V2,Comm,A&F S/W,Zodiac,Adventure,,,,,,,,,,present,,AF,8200,"*LOAD ADV2P
*RUN ADV2D","ADV2P
ADV2D",,Works,
10,V1,Comm,A&R S/W,Trap,Game,,,Yes,,,,,,,present,,AR,8200,*RUN TRAP,TRAP,,Works,
11,,Comm,Aardvark,Hedgehog,Game,,,,,,,,,,missing,Nick Pelling (aka Orlando M Pilchard),AA,,,,,,
12,V11B7,Comm,Aardvark,Invaders,Game,,,,,,,,,,present,Nick Pelling (aka Orlando M Pilchard),AA,8200,*RUN INVADER,INVADER,,,
13,V1,Comm,Acornsoft,House,Adventure,Atom Adventures,,,,,,,,,present,,AS/ADVENT,8200,"*LOAD ADVENTUR
*RUN HOUSE","ADVENTUR
HOUSE",,Works,https://acornatom.nl/atom_handleidingen/pdf/AdventurePack.pdf
14,V1,Comm,Acornsoft,Dungeon,Adventure,Atom Adventures,,,,,,,,,present,,AS/ADVENT,8200,"*LOAD ADVENTUR
*RUN DUNGEON","ADVENTUR
DUNGEON",,Works,https://acornatom.nl/atom_handleidingen/pdf/AdventurePack.pdf
15,V1,Comm,Acornsoft,Intergalactic,Adventure,Atom Adventures,,,,,,,,,present,,AS/ADVENT,8200,"*LOAD ADVENTUR
*RUN INTERGAL","ADVENTUR
INTERGAL",,Works,https://acornatom.nl/atom_handleidingen/pdf/AdventurePack.pdf
16,V1,Modern,Acornsoft,Sphinx Adv,Adventure,Atom Adventures,32K+8K,,Yes,No,No,,,,present,,AS/ADVENT,8200,*RUN SPHINX,"SPHINX
SPHINX1
SPHINX2
SPHINXIN",,Works,
17,V1,Comm,Acornsoft,AtomCalc,Business,,,Yes,,,,,,,present,,AS/ATOMCALC,8200,*RUN ATOMCALC,ATOMCALC,,Works,https://acornatom.nl/atom_handleidingen/pdf/AtomCalc.pdf
18,V1,Comm,Acornsoft,ADDUP,Business,Atom Business,,Yes,,,,,,,present,,AS/BUSINESS,8200,"CH.""ADDUP""",ADDUP,,Works,https://site.acornatom.nl/boeken/atom-business-book.pdf
19,V1,Comm,Acornsoft,LABEL,Business,Atom Business,,,,,,,,,present,,AS/BUSINESS,8200,"CH.""LABEL""",LABEL,,Works,https://site.acornatom.nl/boeken/atom-business-book.pdf
20,V1,Comm,Acornsoft,WTMS,Business,Atom Business,,Yes,,,,,,,present,,AS/BUSINESS,8200,"CH.""WTMS""",WTMS,,Works,https://site.acornatom.nl/boeken/atom-business-book.pdf
21,V1,Comm,Acornsoft,DCF,Business,Atom Business,,Yes,,,,,,,present,,AS/BUSINESS,8200,"CH.""DCF""",DCF,,Works,https://site.acornatom.nl/boeken/atom-business-book.pdf
22,V1,Comm,Acornsoft,SALES,Business,Atom Business,,Yes,,,,,,,present,,AS/BUSINESS,8200,"CH.""SALES""",SALES,,"Broken - Uses FOUT, SPUT, FPUT so won't work with AtomMMC",https://site.acornatom.nl/boeken/atom-business-book.pdf
23,V1,Comm,Acornsoft,GRAPH,Business,Atom Business,,Yes,,,,,,,present,,AS/BUSINESS,8200,"CH.""GRAPH""",GRAPH,,"Broken - Uses FIN, SGET, FGET so won't work with AtomMMC",https://site.acornatom.nl/boeken/atom-business-book.pdf
24,V1,Comm,Acornsoft,NOM,Business,Atom Business,,Yes,,,,,,,present,,AS/BUSINESS,8200,"CH.""NOM""",NOM,,Works,https://site.acornatom.nl/boeken/atom-business-book.pdf
25,V1,Comm,Acornsoft,BUDG,Business,Atom Business,,Yes,,,,,,,present,,AS/BUSINESS,8200,"CH.""BUDG""",BUDG,,Works,https://site.acornatom.nl/boeken/atom-business-book.pdf
26,V1,Comm,Acornsoft,EXS,Business,Atom Business,,Yes,,,,,,,present,,AS/BUSINESS,8200,"CH.""EXS""",EXS,,Works,https://site.acornatom.nl/boeken/atom-business-book.pdf
27,V1,Comm,Acornsoft,STD,Business,Atom Business,,Yes,,,,,,,present,,AS/BUSINESS,8200,"CH.""STD""",STD,,Works,https://site.acornatom.nl/boeken/atom-business-book.pdf
28,V1,Comm,Acornsoft,QUE,Business,Atom Business,,Yes,,,,,,,present,,AS/BUSINESS,8200,"CH.""QUE""",QUE,,Works,https://site.acornatom.nl/boeken/atom-business-book.pdf
29,V2,Comm,Acornsoft,Chess,Game,,,,,,,,,,present,,AS/CHESS,8200,*RUN CHESS,CHESS,,Works - Keys: [ ] history; X reset; moves e.g. A2 A4; R - let computer move.,
30,V2,Comm,Acornsoft,Database,Business,,,,,,,,,,present,,AS/DATABASE,2800,"*LOAD WINELIST
CH.""DATABASE""","DATABASE
WINELIST",,"Works - slow to start; seems to be scanning all memory in basic and getting confused by 32K RAM. If you have 32K RAM, *LOAD WINELIST 4000 will speed things up. Loads to command prompt after a minute. ",https://acornatom.nl/atom_handleidingen/dbase/dbase01.htm
31,V3,Comm,Acornsoft,Address Book,Business,Atom Desk Diary,,,,,,,,,present,,AS/DIARY,8200,"CH.""ADRBOOK""",ADRBOOK,,Works,https://acornatom.nl/atom_handleidingen/asof/desk.html
32,V1,Comm,Acornsoft,Planner,Business,Atom Desk Diary,,,,,,,,,present,,AS/DIARY,8200,"CH.""PLANNER""",PLANNER,,Works,https://acornatom.nl/atom_handleidingen/asof/desk.html
33,V3,Comm,Acornsoft,Forth,Language,,,,,,,,,,present,,AS/FORTH,8200,"*LOAD FORTH-D
*RUN FORTH-C","FORTH
FORTH-C
FORTH-D
PAGE2
EDITOR
EDITOR1
EDITOR2
EDITOR3
EDITOR4
EDITOR5
EDITOR6
EDITOR7
DEMO
DEMO1
DEMO3
DEMO4
DEMO5
PROTOVDU",,Works,https://site.acornatom.nl/boeken/forth-theory-and-practice.pdf
34,V1,Comm,Acornsoft,Asteroids,Game,Games Pack 1,,,,,,,,,present,,AS/GAMES01,8200,"CH.""ASTEROID""",ASTEROID,,Works,https://acornatom.nl/atom_handleidingen/pdf/gamespack%2001.pdf
35,V1,Comm,Acornsoft,Sub Hunt,Game,Games Pack 1,,Yes,,,,,,,present,,AS/GAMES01,8200,"CH.""SUBHUNT""",SUBHUNT,,Works,https://acornatom.nl/atom_handleidingen/pdf/gamespack%2001.pdf
36,V1,Comm,Acornsoft,Breakout,Game,Games Pack 1,,,,,,,,,present,,AS/GAMES01,8200,"CH.""BREAKOUT""",BREAKOUT,,Works,https://acornatom.nl/atom_handleidingen/pdf/gamespack%2001.pdf
37,V1,Comm,Acornsoft,Dog Fight,Game,Games Pack 2,,,,,,,,,present,,AS/GAMES02,8200,"CH. ""DOGFIGHT""",DOGFIGHT,,Works,https://acornatom.nl/atom_handleidingen/pdf/gamespack%2002.pdf
38,V1,Comm,Acornsoft,Mastermind,Game,Games Pack 2,,,,,,,,,present,,AS/GAMES02,8200,"CH. ""MASTERMI""",MASTERMI,,Works,https://acornatom.nl/atom_handleidingen/pdf/gamespack%2002.pdf
39,V1,Comm,Acornsoft,Zombie,Game,Games Pack 2,,,,,,,,,present,,AS/GAMES02,8200,"CH. ""ZOMBIE""",ZOMBIE,,Works,https://acornatom.nl/atom_handleidingen/pdf/gamespack%2002.pdf
40,V1,Comm,Acornsoft,Rat Trap,Game,Games Pack 3,,,,,,,,,present,,AS/GAMES03,8200,"CH.""RATTRAP""",RATTRAP,,Works,https://acornatom.nl/atom_handleidingen/pdf/gamespack%2003.pdf
41,V1,Comm,Acornsoft,Lunar Lander,Game,Games Pack 3,,,,,,,,,present,,AS/GAMES03,8200,"CH.""LANDER""",LANDER,,Works,https://acornatom.nl/atom_handleidingen/pdf/gamespack%2003.pdf
42,V1,Comm,Acornsoft,Black Box,Game,Games Pack 3,,,,,,,,,present,,AS/GAMES03,8200,"CH.""BLACKBOX""",BLACKBOX,,Works,https://acornatom.nl/atom_handleidingen/pdf/gamespack%2003.pdf
43,V1,Comm,Acornsoft,Star Trek,Game,Games Pack 4,,,,,,,,,present,,AS/GAMES04,8200,"CH.""STARTREK""",STARTREK,,Works,https://acornatom.nl/atom_handleidingen/pdf/gamespack%2004.pdf
44,V1,Comm,Acornsoft,Four Row,Game,Games Pack 4,,,,,,,,,present,,AS/GAMES04,8200,"CH.""FOURROW""",FOURROW,,Works,https://acornatom.nl/atom_handleidingen/pdf/gamespack%2004.pdf
45,V1,Comm,Acornsoft,Space Attack,Game,Games Pack 4,,,,,,,,,present,,AS/GAMES04,8200,"CH.""ATTACK""",ATTACK,,Works,https://acornatom.nl/atom_handleidingen/pdf/gamespack%2004.pdf
46,V1,Comm,Acornsoft,Invaders,Game,Games Pack 5,,,,,,,,,present,,AS/GAMES05,8200,"CH.""INVADERS""",INVADERS,,Works,https://acornatom.nl/atom_handleidingen/pdf/gamespack%2005.pdf
47,V1,Comm,Acornsoft,Wumpus,Game,Games Pack 5,,,,,,,,,present,,AS/GAMES05,8200,"CH.""WUMPUS""",WUMPUS,,Works,https://acornatom.nl/atom_handleidingen/pdf/gamespack%2005.pdf
48,V1,Comm,Acornsoft,Reverse,Game,Games Pack 5,,,,,,,,,present,,AS/GAMES05,8200,"CH.""REVERSI""",REVERSI,,Works,https://acornatom.nl/atom_handleidingen/pdf/gamespack%2005.pdf
49,V1,Comm,Acornsoft,Dodgems,Game,Games Pack 6,,,,,,,,,present,,AS/GAMES06,8200,"CH.""DODGEMS""",DODGEMS,,Works,https://acornatom.nl/atom_handleidingen/pdf/gamespack%2006.pdf
50,V1,Comm,Acornsoft,Simon,Game,Games Pack 6,,,,,,,,,present,,AS/GAMES06,8200,"CH.""SIMON""",SIMON,,Works,https://acornatom.nl/atom_handleidingen/pdf/gamespack%2006.pdf
51,V1,Comm,Acornsoft,Amoeba,Game,Games Pack 6,,,,,,,,,present,,AS/GAMES06,8200,"CH.""AMOEBA""",AMOEBA,,Works,https://acornatom.nl/atom_handleidingen/pdf/gamespack%2006.pdf
52,V1,Comm,Acornsoft,Green Things,Game,Games Pack 7,,,,,,,,,present,,AS/GAMES07,8200,"CH.""GREENTHI""",GREENTHI,,Works,https://acornatom.nl/atom_handleidingen/pdf/gamespack%2007.pdf
53,V1,Comm,Acornsoft,Balistics,Game,Games Pack 7,,Yes,,,,,,,present,,AS/GAMES07,8200,"CH.""BALLISTI""",BALLISTI,,Works,https://acornatom.nl/atom_handleidingen/pdf/gamespack%2007.pdf
54,V1,Comm,Acornsoft,Snake,Game,Games Pack 7,,,,,,,,,present,,AS/GAMES07,8200,"CH.""SNAKE""",SNAKE,,Works,https://acornatom.nl/atom_handleidingen/pdf/gamespack%2007.pdf
55,V1,Comm,Acornsoft,Star Gate,Game,Games Pack 8,,,,,,,,,present,,AS/GAMES08,8200,"CH.""STARGATE""",STARGATE,,Works,https://acornatom.nl/atom_handleidingen/pdf/gamespack%2008.pdf
56,V1,Comm,Acornsoft,Go Moku,Game,Games Pack 8,,Yes,,,,,,,present,,AS/GAMES08,8200,"CH.""GOMOKU""",GOMOKU,,Works,https://acornatom.nl/atom_handleidingen/pdf/gamespack%2008.pdf
57,V1,Comm,Acornsoft,Robots,Game,Games Pack 8,,,,,,,,,present,,AS/GAMES08,8200,"CH.""ROBOTS""",ROBOTS,,Works,https://acornatom.nl/atom_handleidingen/pdf/gamespack%2008.pdf
58,V1,Comm,Acornsoft,Snapper,Game,Games Pack 9,,,,,,,,,present,,AS/GAMES09,8200,"CH.""SNAPPER""",SNAPPER,,Works,https://acornatom.nl/atom_handleidingen/pdf/gamespack%2009.pdf
59,V1,Comm,Acornsoft,Minotaur,Game,Games Pack 9,,,,,,,,,present,,AS/GAMES09,8200,"CH.""MINOTAUR""",MINOTAUR,,Works,https://acornatom.nl/atom_handleidingen/pdf/gamespack%2009.pdf
60,V1,Comm,Acornsoft,Babies,Game,Games Pack 9,,,,,,,,,present,,AS/GAMES09,8200,"CH.""BABIES""",BABIES,,Works,https://acornatom.nl/atom_handleidingen/pdf/gamespack%2009.pdf
61,V2,Comm,Acornsoft,Bombs Away,Game,Games Pack 10,,,,,,,,,present,,AS/GAMES10,2800,"?18=130
*RUN BOMBSAW",BOMBSAW,,Works,https://acornatom.nl/atom_handleidingen/pdf/gamespack%2010.pdf
62,V2,Comm,Acornsoft,Breakout,Game,Games Pack 10,,,,,,,,,present,,AS/GAMES10,2800,"?18=130
*RUN BREAKOUT",BREAKOUT,,Works,https://acornatom.nl/atom_handleidingen/pdf/gamespack%2010.pdf
63,V2,Comm,Acornsoft,Hectic,Game,Games Pack 10,,,,,,,,,present,,AS/GAMES10,2800,"?18=130
*RUN HECTIC",HECTIC,,Works,https://acornatom.nl/atom_handleidingen/pdf/gamespack%2010.pdf
64,V2,Comm,Acornsoft,Mastermind,Game,Games Pack 10,,,,,,,,,present,,AS/GAMES10,2800,"?18=130
*RUN MASTERMI",MASTERMI,,Works,https://acornatom.nl/atom_handleidingen/pdf/gamespack%2010.pdf
65,V2,Comm,Acornsoft,Moon,Game,Games Pack 10,,,,,,,,,present,,AS/GAMES10,2800,"?18=130
*RUN MOON",MOON,,Works,https://acornatom.nl/atom_handleidingen/pdf/gamespack%2010.pdf
66,V2,Comm,Acornsoft,Simon,Game,Games Pack 10,,,,,,,,,present,,AS/GAMES10,2800,"?18=130
*RUN SIMON",SIMON,,Works,https://acornatom.nl/atom_handleidingen/pdf/gamespack%2010.pdf
67,V2,Comm,Acornsoft,Ski Run,Game,Games Pack 10,,,,,,,,,present,,AS/GAMES10,2800,"?18=130
*RUN SKIRUN",SKIRUN,,Works,https://acornatom.nl/atom_handleidingen/pdf/gamespack%2010.pdf
68,V2,Comm,Acornsoft,Snake,Game,Games Pack 10,,,,,,,,,present,,AS/GAMES10,2800,"?18=130
*RUN SNAKE",SNAKE,,Works,https://acornatom.nl/atom_handleidingen/pdf/gamespack%2010.pdf
69,V2,Comm,Acornsoft,Squash,Game,Games Pack 10,,,,,,,,,present,,AS/GAMES10,2800,"?18=130
*RUN SQUASH",SQUASH,,Works,https://acornatom.nl/atom_handleidingen/pdf/gamespack%2010.pdf
70,V2,Comm,Acornsoft,Track,Game,Games Pack 10,,,,,,,,,present,,AS/GAMES10,2800,"?18=130
*RUN TRACK",TRACK,,Works,https://acornatom.nl/atom_handleidingen/pdf/gamespack%2010.pdf
71,V3,Comm,Acornsoft,Missile Base,Game,Games Pack 11,,,,,,,,,present,,AS/GAMES11,8200,"*LOAD PART2
*RUN MISSILE","MISSILE
PART2",,Works,https://acornatom.nl/atom_handleidingen/misc/gp11.html
72,V1,Comm,Acornsoft,Snooker,Game,Games Pack 11,,,,,,,,,present,,AS/GAMES11,8200,"CH.""SNOOKER""",SNOOKER,,Works,https://acornatom.nl/atom_handleidingen/misc/gp11.html
73,V1,Comm,Acornsoft,Dominoes,Game,Games Pack 11,,,,,,,,,present,,AS/GAMES11,8200,"CH.""DOMINO""",DOMINO,,Works,https://acornatom.nl/atom_handleidingen/misc/gp11.html
74,V1,Comm,Acornsoft,Introduction,Educational,Intro Pack 1,,,No,No,No,,,,present,,AS/INTRO1,8200,*RUN INTRODUC,INTRODUC,,Works,https://acornatom.nl/atom_handleidingen/introp/introp01.htm
75,V1,Comm,Acornsoft,Numbers,Educational,Intro Pack 1,,,No,No,No,,,,present,,AS/INTRO1,8200,*RUN NUMBERS,NUMBERS,,Works,https://acornatom.nl/atom_handleidingen/introp/introp01.htm
76,V1,Comm,Acornsoft,Text,Educational,Intro Pack 1,,,No,No,No,,,,present,,AS/INTRO1,8200,*RUN TEXT,TEXT,,Works,https://acornatom.nl/atom_handleidingen/introp/introp01.htm
77,V1,Comm,Acornsoft,Programs,Educational,Intro Pack 1,,,No,No,No,,,,present,,AS/INTRO1,8200,*RUN PROGRAMS,PROGRAMS,,Works,https://acornatom.nl/atom_handleidingen/introp/introp01.htm
78,V1,Comm,Acornsoft,Functions,Educational,Intro Pack 1,,,No,No,No,,,,present,,AS/INTRO1,8200,*RUN FUNCTION,FUNCTION,,Works,https://acornatom.nl/atom_handleidingen/introp/introp01.htm
79,V1,Comm,Acornsoft,Input,Educational,Intro Pack 1,,Yes,No,No,No,,,,present,,AS/INTRO1,8200,*RUN INPUT,INPUT,,Works,https://acornatom.nl/atom_handleidingen/introp/introp01.htm
80,V1,Comm,Acornsoft,Jumps,Educational,Intro Pack 1,,,No,No,No,,,,present,,AS/INTRO1,8200,*RUN JUMPS,JUMPS,,Works,https://acornatom.nl/atom_handleidingen/introp/introp01.htm
81,V1,Comm,Acornsoft,Tests,Educational,Intro Pack 1,,,No,No,No,,,,present,,AS/INTRO1,8200,*RUN TESTS,TESTS,,Works,https://acornatom.nl/atom_handleidingen/introp/introp01.htm
82,V1,Comm,Acornsoft,Loops,Educational,Intro Pack 1,,,No,No,No,,,,present,,AS/INTRO1,8200,*RUN LOOPS,LOOPS,,Works,https://acornatom.nl/atom_handleidingen/introp/introp01.htm
83,V1,Comm,Acornsoft,Graphics,Educational,Intro Pack 1,,,No,No,No,,,,present,,AS/INTRO1,8200,*RUN GRAPHICS,GRAPHICS,,Works,https://acornatom.nl/atom_handleidingen/introp/introp01.htm
84,V1,Comm,Acornsoft,MiniCalc,Business,Intro Pack 2,,,No,No,No,,,,present,,AS/INTRO2,8200,*RUN MINICALC,MINICALC,,Works,https://acornatom.nl/atom_handleidingen/introp/introp01.htm
85,V1,Comm,Acornsoft,Sales,Business,Intro Pack 2,,,No,No,No,,,,present,,AS/INTRO2,8200,*RUN SALES,SALES,,Works,https://acornatom.nl/atom_handleidingen/introp/introp01.htm
86,V1,Comm,Acornsoft,Telephone Book,Business,Intro Pack 3,,,No,No,No,,,,present,,AS/INTRO3,8200,*RUN TBOOK,"TBOOK
TDATA",,Works,https://acornatom.nl/atom_handleidingen/introp/introp01.htm
87,V1,Comm,Acornsoft,Touch Types,Educational,Intro Pack 3,,,No,No,No,,,,present,,AS/INTRO3,8200,*RUN TYPER,TYPER,,Works,https://acornatom.nl/atom_handleidingen/introp/introp01.htm
88,V1,Comm,Acornsoft,Timer,Utility,Intro Pack 3,,,No,No,No,,,,present,,AS/INTRO3,8200,*RUN TIMER,TIMER,,Works,https://acornatom.nl/atom_handleidingen/introp/introp01.htm
89,V1,Comm,Acornsoft,Attack,Game,Intro Pack 4,,,No,No,No,,,,present,,AS/INTRO4,8200,*RUN ATTACK,ATTACK,,Works,https://acornatom.nl/atom_handleidingen/introp/introp01.htm
90,V1,Comm,Acornsoft,Connect 4,Game,Intro Pack 4,,,No,No,No,,,,present,,AS/INTRO4,8200,*RUN CONNECT4,CONNECT4,,Works,https://acornatom.nl/atom_handleidingen/introp/introp01.htm
91,V1,Comm,Acornsoft,Breakout,Game,Intro Pack 4,,,No,No,No,,,,present,,AS/INTRO4,8200,*RUN BREAKOUT,BREAKOUT,,Works,https://acornatom.nl/atom_handleidingen/introp/introp01.htm
92,V1,Comm,Acornsoft,Memory,Game,Intro Pack 4,,,No,No,No,,,,present,,AS/INTRO4,8200,*RUN MEMORY,MEMORY,,Works,https://acornatom.nl/atom_handleidingen/introp/introp01.htm
93,V1,Comm,Acornsoft,Mastermind,Game,Intro Pack 4,,,No,No,No,,,,present,,AS/INTRO4,8200,*RUN MASTERMI,MASTERMI,,Works,https://acornatom.nl/atom_handleidingen/introp/introp01.htm
94,V2,Comm,Acornsoft,Life,Simulation,,,,,,,,,,present,,AS/LIFE,8200,"CH.""LIFE""","LIFE
LIFEPA
LIFEPB
LIFEPC
LIFEPD
LIFEPE",,Works,https://acornatom.nl/atom_handleidingen/pdf/Life.pdf
95,V1,Comm,Acornsoft,Lisp,Language,,,,,,,,,,present,,AS/LISP,3B00,"*LOAD LISP
*RUN LISP2","LISP
LISP2",,Works,https://site.acornatom.nl/boeken/lisp-theory-and-practice.pdf
96,V1,Comm,Acornsoft,Plot,Utility,Maths Pack 1,,Yes,,,,,,,present,,AS/MATHS1,8200,"CH.""PLOT""",PLOT,,Works,
97,V1,Comm,Acornsoft,Simultaneous Equations,Utility,Maths Pack 1,,Yes,,,,,,,present,,AS/MATHS1,8200,"CH.""SIMULTAN""",SIMULTAN,,Works,
98,V1,Comm,Acornsoft,Linear Regression,Utility,Maths Pack 1,,Yes,,,,,,,present,,AS/MATHS1,8200,"CH.""REGRESSI""",REGRESSI,,Works,
99,V1,Comm,Acornsoft,Polynomial,Utility,Maths Pack 2,,Yes,,,,,,,present,,AS/MATHS2,8200,"CH.""POLYNOM""",POLYNOM,,Works,https://acornatom.nl/atom_handleidingen/pdf/maths%20pack%202.pdf
100,V1,Comm,Acornsoft,Rational,Utility,Maths Pack 2,,Yes,,,,,,,present,,AS/MATHS2,8200,"CH.""RATIONAL""",RATIONAL,,Works,https://acornatom.nl/atom_handleidingen/pdf/maths%20pack%202.pdf
101,V3,Comm,Acornsoft,Triginometry,Utility,Maths Pack 2,,Yes,,,,,,,present,,AS/MATHS2,8200,"CH.""TRIGONOM""",TRIGONOM,,Works,https://acornatom.nl/atom_handleidingen/pdf/maths%20pack%202.pdf
102,V1,Comm,Acornsoft,Fourier,Utility,Maths Pack 2,,Yes,,,,,,,present,,AS/MATHS2,8200,"CH.""FOURIER""",FOURIER,,Works,https://acornatom.nl/atom_handleidingen/pdf/maths%20pack%202.pdf
103,V1,Non Comm,Non Comm,Pascal,Language,,32K+6K,,,,,,,,present,Mel Conway,OTHER,8200,*RUN PASCAL,PASCAL,,Works,https://acornatom.nl/atom_handleidingen/pascal/pascal.html
104,V1,Comm,Acornsoft,Peeko Computer,Educational,,,,,,,,,,present,,AS/PEEKO,8200,"CH.""PEEKO""","PEEKO
ADD
COPY
FACTOR",,Works,https://acornatom.nl/atom_handleidingen/asof/peeko.html
105,V1,Comm,Acornsoft,White on Black,Utility,Soft VDU,,,,,,,,,present,,AS/SOFTVDU,8200,*RUN VDUB,VDUB,,Works,https://silicon-heaven.com/atom/manual/softvdu.html
106,V1,Comm,Acornsoft,Black on White,Utility,Soft VDU,,,,,,,,,present,,AS/SOFTVDU,8200,*RUN VDUW,VDUW,,Works,https://silicon-heaven.com/atom/manual/softvdu.html
107,V1,Comm,Acornsoft,Designer,Utility,Soft VDU,,,,,,,,,present,,AS/SOFTVDU,8200,"*RUN VDUB
CH.""DESIGN""","DESIGN
VDUB",,Works,https://silicon-heaven.com/atom/manual/softvdu.html
108,V1,Comm,Acornsoft,Synthesiser,Music,,,,,,,,,,present,,AS/SYNTH,8200,"CH.""SYNTH""","SYNTH
TOCCATA
SEASIDE
PICNIC",,Works,
109,V3,Comm,Acornsoft,Disassembler,Utility,Utility Pack 1,,,,,,,,,present,,AS/UTILS1,8200,*RUN DISASAS,DISASAS,,Works,
110,V3,Comm,Acornsoft,Fast Cassette OS,Utility,Utility Pack 1,,,,,,,,,present,,AS/UTILS1,9700,"?18=130
CH.""FASTCOS""",FASTCOS,,Works,
111,V1,Comm,Acornsoft,Renumber,Utility,Utility Pack 1,,,,,,,,,present,,AS/UTILS1,8200,*RUN RENUM,RENUM,,Works,
112,V1,Modern,Acornsoft,Wordpack,Business,,32K+6K,,,,,,,,present,,AS/WORDPACK,8200,*RUN ED64,ED64,,Works,
113,V1,Comm,Acornsoft,Pairs,Educational,Atom Word Tutor,,,,,,,,,present,,AS/WORDTUT,3B00,"*LOAD PAIRSD
CH.""PAIRS""","PAIRS
PAIRSD",,Works,
114,V1,Comm,Acornsoft,Relations,Educational,Atom Word Tutor,,,,,,,,,present,,AS/WORDTUT,3B00,"*LOAD RELATD
CH.""RELAT""","RELAT
RELATD",,Works,
115,V1,Comm,Acornsoft,Sentences,Educational,Atom Word Tutor,,,,,,,,,present,,AS/WORDTUT,3B00,"*LOAD SENTD
CH.""SENTENS""","SENTENS
SENTD",,Works,
116,,Comm,Atomic S/W,3-Towers,Game,,,,,,,,,,missing,,AT,,,,,,
117,,Comm,Atomic S/W,Auto-Number,Utility,,,,,,,,,,missing,,AT,,,,,,
118,,Comm,Atomic S/W,Blocade,Game,,,,,,,,,,missing,,AT,,,,,,
119,,Comm,Atomic S/W,Dump Utilities,Utility,,,,,,,,,,missing,,AT,,,,,,
120,,Comm,Atomic S/W,Keyboard-Scan,Utility,,,,,,,,,,missing,,AT,,,,,,
121,V5,Comm,Atomic S/W,Life,Simulation,,,,,,,,,,present,D.P. Saville,AT,8200,"CH.""LIFE""",LIFE,,Works,
122,,Comm,Atomic S/W,Lunar Lander,Game,,,,,,,,,,missing,,AT,,,,,,
123,V5,Comm,Atomic S/W,Mindmaster,Game,,,,,,,,,,present,D.P. Saville,AT,8200,"CH.""MINDMAS""",MINDMAS,,Works,
124,,Comm,Atomic S/W,Program-Move,Utility,,,,,,,,,,missing,,AT,,,,,,
125,,Comm,Atomic S/W,Sketch,Graphics,,,,,,,,,,missing,,AT,,,,,,
126,,Comm,Atomic S/W,Ski Run,Game,,,,,,,,,,missing,,AT,,,,,,
127,V5,Comm,Atomic S/W,Space Adventure,Adventure,,,Yes,,,,,,,present,,AT,8200,"CH.""SPACE""",SPACE,,Works,
128,,Comm,Atomic S/W,Word Processor,Business,,,,,,,,,,missing,,AT,,,,,,
129,V1,Comm,Bug Byte,747,Game,,,Yes,,,,,,,present,,BB,8200,"CH.""747""",747,,Works,
130,V7B1,Comm,Bug Byte,Hangman,Game,2K Programs 1,,,,,,,,,present,,BB/2KPRGS1,8200,"CH.""HANGMAN""","HANGMAN
HANGIN",,Works,
131,V7B1,Comm,Bug Byte,Moon Landing,Game,2K Programs 1,,,,,,,,,present,,BB/2KPRGS1,8200,"CH.""MLAND""","MLAND
MLANDIN",,Works,
132,V7B1,Comm,Bug Byte,Reaction Test,Game,2K Programs 1,,,,,,,,,present,,BB/2KPRGS1,8200,"CH.""REACT""","REACT
REACTIN",,Works,
133,V7B1,Comm,Bug Byte,Torpedo,Game,2K Programs 1,,,,,,,,,present,,BB/2KPRGS1,8200,"CH.""TORP""","TORP
TORPIN",,Works,
134,V7B1,Comm,Bug Byte,Calendar,Game,2K Programs 2,,,,,,,,,present,,BB/2KPRGS2,2900,"?18=130
CH.""CAL""","CAL
CALIN",,Works,
135,V7B1,Comm,Bug Byte,Life,Game,2K Programs 2,,,,,,,,,present,,BB/2KPRGS2,8200,"CH.""LIFE3""","LIFE1
LIFE2
LIFE3
LIFEIN1
LIFEIN2",,Works,
136,V7B1,Comm,Bug Byte,O's and X's,Game,2K Programs 2,,,,,,,,,present,,BB/2KPRGS2,2900,"?18=130
CH.""OANDX""","OANDX
OANDXIN",,Works,
137,V7B1,Comm,Bug Byte,Tunes,Game,2K Programs 2,,,,,,,,,present,,BB/2KPRGS2,2900,"?18=130
CH.""TUNE""","TUNE
TUNEIN1
TUNEIN2",,Works,
138,,Comm,Bug Byte,Atom Invasion,Game,2K Programs 3,,,,,,,,,missing,,BB,,,,,,
139,V13B1,Comm,Bug Byte,Mini Breakout,Game,2K Programs 3,,,,,,,,,present,,BB/2KPRGS3,2900,"?18=130
CH.""MINIBRK""",MINIBRK,,Test,
140,V5,Comm,Bug Byte,Alien Destroy,Game,,,,,,,,,,present,,BB,8200,"CH.""ALIEN""",ALIEN,,Works,
141,V2,Comm,Bug Byte,Atom Breakout,Game,,,,,,,,,,present,,BB,8200,"CH.""BKOUT""","BKOUT
BKOUTINS",,Works,
142,V10B5,Comm,Bug Byte,Atom Invaders,Game,,,,,,,,,,present,,BB,8200,"CH.""INVADBB""",INVADBB,,Works,
143,V13B1,Comm,Bug Byte,Backgammon,Game,,,,,,,,,,present,,BB,8200,"CH.""BACKGAM""","BACKGAM
BACKINS",,Test,
144,V5,Comm,Bug Byte,Battleships,Game,,,,,,,,,,present,,BB,8200,"CH.""BATSHIP""",BATSHIP,,Works,
145,V1,Non Comm,Non Comm,Bio-Rhythms,Simulation,,,Yes,Yes,No,No,,,,present,,OTHER,8200,"CH.""BIORYTH""",BIORYTH,,Works,
146,V14B1,Comm,Bug Byte,Chess,Game,,,,,,,,,,present,,BB/CHESS,8200,"CH.""CHESSBB""","RUNNER
CHESSBB
PROG
2-12",,Test,
147,V13B1,Comm,Bug Byte,Disassembler,Utility,,,,,,,,,,present,,BB/DISASS,8200,"CH.""BBDIS""","BBDIS
BBDISINS",,Test,
148,V1,Comm,Bug Byte,Fruit Machine,Game,,,,,No,,,,,present,,BB,8200,"CH.""FRUITBB""",FRUITBB,,Works,
149,V1,Comm,Bug Byte,Galaxian,Game,,,,,,,,,,present,,BB,8200,"CH.""GALAXBB""",GALAXBB,,Works,
150,V1,Comm,Bug Byte,Golf,Game,,,Yes,,,,,,,present,,BB,8200,"CH.""GOLFBB""",GOLFBB,,Works,
151,V5,Comm,Bug Byte,Horse Race,Game,,,,,,,,,,present,,BB,8200,"CH.""HORSE""",HORSE,,Works,
152,V2,Comm,Bug Byte,Labyrinth,Game,,,Yes,,,,,,,present,,BB,8200,"*LOAD LABY1
*LOAD LABY2
*RUN LABY3","LABY1
LABY2
LABY3
LABYMD
LABYINS",,Works,
153,V1,Comm,Bug Byte,Last Run,Game,,,,,,,,,,present,,BB,8200,"CH.""LASTRUN""",LASTRUN,,Works,
154,V1,Comm,Bug Byte,Lunar Lander,Game,,,,,,,,,,present,,BB,8200,"CH.""LUNARBB""",LUNARBB,,Works,
155,V5,Comm,Bug Byte,Minefield,Game,,,,,,,,,,present,,BB,8200,"CH.""MFIELD""",MFIELD,,Works,
156,,Comm,Bug Byte,Parachute,Game,,,,,,,,,,missing,,BB,,,,,,
157,V1,Comm,Bug Byte,Pinball,Game,,,,,,,,,,present,,BB,8200,"CH.""PINBALL""",PINBALL,,Works,
158,V1,Comm,Bug Byte,Pontoon,Game,,,,,,,,,,present,,BB,8200,"*LOAD PONTOON
RUN",PONTOON,,Works,
159,V1,Comm,Bug Byte,Rhino,Game,,,,,,,,,,present,,BB,8200,"CH.""RHINO""",RHINO,,Works,
160,,Comm,Bug Byte,Simon,Game,,,,,,,,,,missing,,BB,,,,,,
161,,Comm,Bug Byte,Squares,Game,,,,,,,,,,missing,,BB,,,,,,
162,V7B1,Comm,Bug Byte,Star Trek,Game,,,Yes,,,,,,,present,,BB/STARTRK,8200,"*LOAD DATA
CH.""STAR""","STAR
DATA
STARIN",,Works,
164,V8B1,Comm,Bug Byte,Typist,Educational,,,,,,,,,,present,,BB,8200,"CH.""TYPIST""",TYPIST,,Works,
165,V1,Comm,Bug Byte,UFO Bomber,Game,,,,,,,,,,present,,BB,8200,"CH.""UFO""",UFO,,Works,
166,V1,Comm,Bug Byte,Wiggle,Game,,,Yes,,,,,,,present,,BB,8200,"CH.""WIGGEL""",WIGGEL,,Works,
167,V5,Comm,Hopesoft,PS1A Atom Adventure,Adventure,,,,,,,,,,present,,HS,8200,"*LOAD ADV
*RUN A1","ADV
A1",,Works,
168,V14B1,Comm,Hopesoft,Atom Man,Game,,,,,,,,,,present,,HS,8200,"*LOAD AMAN
*RUN AMANRUN","AMAN
AMANRUN",,Test,
169,V7B1,Comm,Hopesoft,Chaser,Game,,,,,,,,,,present,,HS,8200,"CH.""CHASER""",CHASER,,Works,
170,,Comm,Hopesoft,Disassembler,Utility,,,,,,,,,,missing,,HS,,,,,,
171,V5,Comm,Hopesoft,PS3A Pirate Island,Adventure,,,,,,,,,,present,,HS,8200,*RUN PIA,"PIA
PIB",,Works,
172,,Comm,Hopesoft,Space Invaders,Game,,,,,,,,,,missing,,HS,,,,,,
173,V5,Comm,Hopesoft,Write your own Adventure - Compile,Language,,,,No,No,No,,,,present,,HS,2900,"?18=51
*LOAD SOURCE
CH.""COMP""
","COMP
SOURCE",,Works - enter #8200 and #2900,
174,V1,Comm,Micro Mania,Centipede,Game,,,,,,,,,,present,,MM,8200,"CH.""CENTI""",CENTI,,Works,
175,V1,Comm,Micro Mania,Defender,Game,,,,,,,,,,present,,MM,8200,"CH.""DEFEND""",DEFEND,,Works,
176,V1,Comm,Micro Mania,Omega Mission,Game,,,,,,,,,,present,,MM,8200,"CH.""OMEGA""","OMEGA
DATA",,Works,
177,V1,Comm,Micro Mania,Puckman,Game,,,,,,,,,,present,,MM,8200,"CH.""PUCKMAN""",PUCKMAN,,Works,
178,V1,Comm,Prog Power,3D Asteroids,Game,,,,,,,,,,present,J. Millar,PP,8200,"CH.""3DASTERO""",3DASTERO,,Works,
179,V7B1,Comm,Prog Power,3D OXO,Game,,,,,,,,,,present,R.M.P. Hanson,PP,8200,"CH.""3DOXO""","3DOXO
3DOXOIN",,Works,
180,V1,Comm,Prog Power,Adventure,Adventure,,,,,,,,,,present,J. Spilsbury,PP,300,"*LOAD ADVCODE
*LOAD ADVDATA
RUN","ADVCODE
ADVDATA",,Works,
181,V8B1,Comm,Prog Power,Air Attack,Game,,,,,,,,,,present,J. Dyson,PP,8200,"*LOAD AIRATTA
RUN","AIRATTA
ATDATA",,Works,
182,,Comm,Prog Power,Alien Maze,Game,,,,,,,,,,missing,A. Stevens,PP,,,,,,
183,,Comm,Prog Power,Anteater,Game,,,,,,,,,,missing,R. Jewsbury,PP,,,,,,
184,V3,Comm,Prog Power,Astrafire,Game,,,,,,,,,,present,R. Howells,PP,8200,"CH.""ASTFIRE""",ASTFIRE,,Works,
185,V8B1,Comm,Prog Power,Astro Warrior,Game,,,,,,,,,,present,D.Dini,PP,8200,"CH.""ASTROWA""",ASTROWA,,Works,
186,V1,Comm,Prog Power,Astrobirds,Game,,,,,,,,,,present,J.M. Dyson,PP,8200,"CH.""ASTROBI""",ASTROBI,,Works,
187,V1,Comm,Prog Power,Atom Business Game,Game,,,Yes,,,,,,,present,G.R. Davies,PP,8200,"CH.""BUSINESS""",BUSINESS,,Works,
188,V7B2,Comm,Prog Power,Atomstore,Business,,,,,,,No,,,present,A. Reece,PP,8200,*RUN ATOMSTO,"ATOMSTO
STDAT",,Works,
189,V1,Comm,Prog Power,Awari,Game,,,,,,,,,,present,T.Madden,PP,8200,"CH.""AWARI""",AWARI,,Works,
190,,Comm,Prog Power,Aztec,Game,,,,,,,,,,missing,R. Ellis,PP,,,,,,
191,,Comm,Prog Power,Breakaway,Game,,,,,,,,,,missing,R.M.P. Hanson,PP,,,,,,
192,V10B5,Comm,Prog Power,Chess,Game,,,,,,,,,,present,D. Thompson,PP/CHESS,8200,"CH.""CHESS""","CHESS
INS
DATA
ERROR
1-F12
COPY",,Works,
193,V1,Comm,Prog Power,Constellation,Simulation,,,Yes,,,,,,,present,R.M.P. Hanson,PP,8200,"CH.""CONSTELL""",CONSTELL,,Works,
194,V1,Comm,Prog Power,Cowboy Shoot-Out,Game,,,,,,,,,,present,S. Vout,PP,8200,"CH.""SHOOTOUT""",SHOOTOUT,,Works,
195,V7B2,Comm,Prog Power,Dambusters,Game,,,,,,,,,,present,G. Douglass,PP,8200,"CH.""DAMBUST""",DAMBUST,,Works,
196,V1,Comm,Prog Power,Demon Dungeon,Game,,,,,,,,,,present,R.M.P. Hanson,PP,8200,"CH.""DEMONDUN""",DEMONDUN,,Works,
197,V2,Comm,Prog Power,Disassembler,Utility,,,,,,,,,,present,R.M.P. Hanson,PP,8200,"CH.""DISASPP""",DISASPP,,Works,
198,,Comm,Prog Power,Dogfight,Game,,,,,,,,,,missing,,PP,,,,,,
199,V5,Comm,Prog Power,Dragonslair,Adventure,,,,,,,,,,present,T. Walton,PP,8200,"CH.""D-LAIR""","D-LAIR
DATA",,Works,
200,V3,Comm,Prog Power,Fall of Rome,Game,,,,,,,,,,present,G. Pagan,PP,9700,"?18=40
*LOAD ROME1
*LOAD ROME2
RUN","ROME1
ROME2",,Works,
201,V7B1,Comm,Prog Power,Galaxian War,Game,,,,,,,,,,present,T.M.Millar,PP,8200,"?18=40
CH.""GALAX""","GALAX
GALAXIN",,Works,
202,,Comm,Prog Power,Hi-Stats,Game,,,,,,,,,,missing,J. Spilsbury,PP,,,,,,
203,V1,Comm,Prog Power,Hyperfire,Game,,,,,,,,,,present,C. Thompson,PP,8200,"CH.""HYPERFI""",HYPERFI,,Works,
204,V1,Comm,Prog Power,Invader Force,Game,,,,,,,,,,present,R.M.P. Hanson,PP,8200,"CH.""INVADERF""",INVADERF,,Works,
205,,Comm,Prog Power,Life,Game,,,,,,,,,,missing,R.M.P. Hanson,PP,,,,,,
206,,Comm,Prog Power,Lunar Lander,Game,,,,,,,,,,missing,J.M. Dyson,PP,,,,,,
207,V10B5,Comm,Prog Power,Martians,Game,,,,,,,,,,present,R.M.P. Hanson,PP,8200,*RUN MARTIANS,MARTIANS,,Works,
208,,Comm,Prog Power,Mazeball,Game,,,,,,,,,,missing,S. Draper,PP,,,,,,
209,V3,Comm,Prog Power,Micro-Budget,Business,,,Yes,,,,,,,present,R.M.P. Hanson,PP,8200,"CH.""MICROB""",MICROB,,Works,
210,,Comm,Prog Power,Minefield,Game,,,,,,,,,,missing,T.Madden,PP,,,,,,
211,V5,Comm,Prog Power,Mode 4 VDU (Source),Utility,,,,,,,,,,present,R.M.P. Hanson,PP,2900,"?18=130
CH.""VDUAS""",VDUAS,,Works,
212,V1,Comm,Prog Power,Moon Patrol,Game,,,,,,,,,,present,,PP,8200,*RUN MOONPATR,MOONPATR,,Works,
213,V3,Comm,Prog Power,Munchyman,Game,,,,,,,,,,present,D. Wood,PP,8200,"CH.""MUNCHY""",MUNCHY,,Works,
214,V7B2,Comm,Computersmith,Detective,Game,,,,,,,,,,present,,CS,8200,"CH.""DETECT""",DETECT,,Works,
215,V2,Comm,Prog Power,Music Box,Music,,,,,,,,,,present,R.M.P. Hanson,PP,8200,"CH.""MUBOX""",MUBOX,,Works,
216,,Comm,Prog Power,Ravine,Game,,,,,,,,,,missing,S. Draper,PP,,,,,,
217,V3,Comm,Prog Power,Reversi (Othello),Game,,,,,,,,,,present,D. Thompson,PP,8200,"?18=40
CH.""OTHELLO""","OTHELLO
OTHINST",,Works,
218,,Comm,Prog Power,Sheepdog Trial,Game,,,,,,,,,,missing,R.M.P. Hanson,PP,,,,,,
220,,Comm,Prog Power,Sketchpad,Graphics,,,,,,,,,,missing,R.M.P. Hanson,PP,,,,,,
221,,Comm,Prog Power,Ski Run,Game,,,,,,,,,,missing,R.M.P. Hanson,PP,,,,,,
222,V1,Comm,Prog Power,Snake,Game,,,,,,,,,,present,T.Madden,PP,8200,"CH.""SNAKES""",SNAKES,,Works,
223,V10B5,Comm,Prog Power,Space Fighter,Game,,,,,,,,,,present,R.M.P. Hanson,PP,8200,"CH.""FIGHTER""",FIGHTER,,Works,
224,,Comm,Prog Power,Space Storm,Game,,,,,,,,,,missing,R. Howells,PP,,,,,,
225,,Comm,Prog Power,Star Trek,Game,,,,,,,,,,arcadian,R.M.P. Hanson,PP,,,,,,
226,V1,Comm,Prog Power,Stock Car,Game,,,,,,,,,,present,,PP,8200,"CH.""STOCKCAR""",STOCKCAR,,Works,
227,,Comm,Prog Power,Stockbroker,Game,,,,,,,,,,missing,S.S. Harding,PP,,,,,,
228,,Comm,Prog Power,Super Racetrack,Game,,,,,,,,,,missing,S. Draper,PP,,,,,,
229,V1,Comm,Prog Power,Swarm,Game,,,,,,,,,,present,,PP,8200,"CH.""SWARM""",SWARM,,Works,
230,,Comm,Prog Power,The Park,Game,,,,,,,,,,missing,D. Thompson,PP,,,,,,
231,V1,Comm,Prog Power,Warlords,Game,,,,,,,,,,present,R.M.P. Hanson,PP,8200,"CH.""WARLORDS""",WARLORDS,,Works,
232,,Comm,Prog Power,Yan,Game,,,,,,,,,,missing,A. Reece,PP,,,,,,
233,,Comm,Prog Power,Zombies,Game,,,,,,,,,,missing,M.C. Wheadon,PP,,,,,,
234,V1,Comm,Timedata,3D Maze,Game,,,,,,,,,,present,,TD,8200,"CH.""3DMAZE""",3DMAZE,,Works,
235,V1,Comm,Timedata,Breakout,Game,,,,,,,,,,present,,TD,8200,"CH.""BREAKOUT""",BREAKOUT,,Works,
236,V1,Comm,Timedata,Crash,Game,,,,,,,,,,present,,TD,8200,"CH.""DRIVE""",DRIVE,,Works,
237,V1,Comm,Timedata,Cupball,Game,,,,,,,,,,present,,TD,8200,"CH.""CUPBALL""",CUPBALL,,Works,
238,V1,Comm,Timedata,Hammurabi,Game,,,,,,,,,,present,,TD,8200,"CH.""HAMMUR""",HAMMUR,,Works,
239,V1,Comm,Timedata,Hexpawn,Game,,,,,,,,,,present,,TD,8200,"CH.""HEXPAWN""",HEXPAWN,,Works,
240,V7B1,Comm,Timedata,Letters,Game,,,,,,,,,,present,,TD,8200,"CH.""LETTERS""",LETTERS,,Works,
241,V1,Comm,Timedata,Othello,Game,,,,,,,,,,present,,TD,8200,"CH.""OTHELLO""",OTHELLO,,Works,
242,V1,Comm,Timedata,Pinball,Game,,,,,,,,,,present,,TD,8200,"CH.""PINBALL""",PINBALL,,Works,
243,V1,Comm,Timedata,Scramble,Game,,,,,,,,,,present,,TD,8200,"CH.""SCRAMB""",SCRAMB,,Works,
244,V1,Comm,Timedata,Simon,Game,,,,,,,,,,present,,TD,8200,"CH.""SIMON2""",SIMON2,,Works,
245,V1,Comm,Timedata,Spacewar,Game,,,,,,,,,,present,,TD,8200,"CH.""SPACEWAR""",SPACEWAR,,Works,
246,V5,Comm,A&F S/W,Robot Nim,Game,,,,,,,,,,present,,AF,8200,"CH.""ROBOTNIM""",ROBOTNIM,,Works,
247,,Comm,Micro Mania,The Protector,Game,,,,,,,,,,duplicate,,MM,,,,,A renamed version of Defender,
248,V2,Comm,Prog Power,Cesil Interpreter,Language,,,,,,,,,,present,,PP,8200,"CH.""CESIL""",CESIL,,Works,
249,V7B1,Comm,Pro Software,Space Invaders,Game,,,,No,No,No,,,,present,,PS,8200,"CH.""INVAD""","INVAD
INVADIN",,Works,
250,V5,Comm,Pro Software,Eliza,Simulation,,,,,,,,,,present,,PS,8200,"CH.""ELIZA""","ELIZA
EL-INSTR",,Works,
251,V5,Comm,Pro Software,Fizzle Bricks,Game,,,,,,,,,,present,,PS,8200,"CH.""FIZZLE""","FIZZLE
FIZ-INSTR",,Works,
252,V5,Comm,Quodlibet,Meanies,Game,,,,,,,,,,present,,QUO,8200,*RUN MEANIES,MEANIES,,Works,
253,,Non Comm,DP Saville,Life,Simulation,,,,,,,,,,duplicate,,OTHER,,,,,Duplicate of Atomic Software entry,
254,,Modern,DP Saville,Mindmaster,Game,,,,,,,,,,duplicate,,OTHER,,,,,Duplicate of Atomic Software entry,
255,V2,Comm,Ramtronics,Africa Diamond,Adventure,,,,,,,,,,present,,OTHER,8200,"CH.""AFRICA1""","AFRICA1
AFRICA2",,Works,
257,V5,Comm,Superlex,Draw Pic,Graphics,,,,,,,,,,present,,SUP,8200,"CH.""DRAWPIC""",DRAWPIC,,Works,
259,V5,Comm,???,The I.A Atom Pencil,Graphics,,,,,,,,,,present,,TB,8200,"CH.""PENCIL""",PENCIL,,Works,
260,V5,Comm,A&F S/W,Football Pools,Game,,,,,,,,,,present,,AF,8200,"CH.""POOLS""",POOLS,,Works,
263,V2,Non Comm,Magnus Olsson,Atomia Akorny,Adventure,,,,,,,,,,present,,MO,8200,*RUN ATOMI,"ATOMI
ATOMIDAT",,"Works - Dave updated lines 3100,3110 as original relied on an extension ROM to provide RESTORE/READ/DATA at line 3100.",
264,V2,Non Comm,Magnus Olsson,Dragon,Adventure,,,,,,,,,,present,,MO,9700,"*LOAD 171
*LOAD 171B
*LOAD DRAGONC
RUN","171
171B
DRAGONC",,Works,
265,V3,Modern,Retro S/W,Castle Quest,Game,RS Mono,32K+8K,,Yes,Yes,No,,,,present,,RS/CASQUEST,8200,"CH.""CAST""","CAST
DATA",,Works,
266,V2,Modern,Retro S/W,Chuckie Egg,Game,./dave/RS/CASQUEST/CAST,32K+6K,,,,,,,,obsolete,,RS/CHUCKIE,8200,"CH.""RUNME""","ASM
CCH-EGG
CCHUCK
FONT
MCH-EGG
MCHUCK
MENU
ROTDATA
RUNME",,Works,
267,V2,Modern,Retro S/W,Galaforce,Game,,32K+6K,,,,,,,,obsolete,,RS/GALA,8200,"CH.""RUNME""","ASM
CGALA
CGALSCR
FONT
MENU
MGALA
MGALSCR
ROTDATA
RUNME
SCORE",,Works,
268,V3,Modern,Retro S/W,Hard Hat Harry,Game,RS Colour,32K+6K,,,,,,,,present,,RS/HARRY,8200,*RUN HARRY,"HARRY
LOADER",,Works,
269,V2,Modern,Retro S/W,Hyper Viper,Game,,,,,,,,,,obsolete,,RS/HYPERV,8200,"CH.""LOADER""","CHYPER
LOA-ASM
LOADER
LOA-FNT
LOA-SCR
MHYPER",,Works,
270,V2,Modern,Retro S/W,Jet Set Miner,Game,,,,,,,,,,obsolete,,RS/MINER,8200,"CH.""LOADER""","CMINER
DAT0
DAT1
EDITOR
LOADER
MMINER",,Works,
271,V8B1,Modern,Retro S/W,Jungle Journey,Game,RS Colour,32K+6K,Yes,,,,,,JoyMMC,present,,RS/JUNGLE,8200,"CH.""RUNME""","INTRO
JUNGLE
MUSIC
RUNME",,Works,
272,V3,Comm,A&F S/W,Frogger,Game,,,Yes,,,,,,,present,,AF,8200,"CH.""FROGGER""",FROGGER,,Works,
273,,Comm,Prog Power,Dodge,Game,,,,,,,,,,missing,S. Draper,PP,,,,,,
274,,Comm,Prog Power,Reaction Race,Game,,,,,,,,,,missing,R.M.P. Hanson,PP,,,,,,
275,V3,Comm,Prog Power,Space Battle,Game,,,,,,,,,,present,T. Mabbs,PP,8200,"CH.""SPBAT""",SPBAT,,Works,
276,V3,Comm,Prog Power,Wampus,Game,,,,,,,,,,present,T. Mabbs,PP,8200,"CH.""WAMPUS""",WAMPUS,,Works,
277,,Comm,Prog Power,Hidden,Game,,,,,,,,,,missing,T. Mabbs,PP,,,,,,
278,,Comm,Prog Power,Labyrinth,Game,,,,,,,,,,missing,M.D. Bates,PP,,,,,,
279,,Comm,Prog Power,Slot Racer,Game,,,,,,,,,,missing,M.D. Bates,PP,,,,,,
280,,Comm,Prog Power,Territory,Game,,,,,,,,,,missing,R. Ellis,PP,,,,,,
281,,Comm,Prog Power,Chessboard,Game,,,,,,,,,,missing,G.L. Jones,PP,,,,,,
282,,Comm,Prog Power,Laser Fight,Game,,,,,,,,,,missing,M.C. Wheadon,PP,,,,,,
283,,Comm,Prog Power,Demovaders,Game,,,,,,,,,,missing,M.C. Wheadon,PP,,,,,,
284,,Comm,Prog Power,Grafix,Graphics,,,,,,,,,,missing,R. Jewsbury,PP,,,,,,
285,,Comm,Prog Power,Trang,Game,,,,,,,,,,missing,S. Draper,PP,,,,,,
286,,Comm,Prog Power,Kiddycount,Game,,,,,,,,,,missing,R.Cartwright,PP,,,,,,
287,,Comm,Prog Power,Condense,Game,,,,,,,,,,missing,T.A. Morris,PP,,,,,,
288,,Comm,Prog Power,Edit,Utility,,,,,,,,,,missing,N.R. Gamble,PP,,,,,,
289,,Comm,Prog Power,Derby,Game,,,,,,,,,,missing,S. Skippo,PP,,,,,,
290,V7B2,Comm,Prog Power,Blitz,Game,,,,,,,,,,present,S. Skippo,PP,8200,"CH.""BLITZ""",BLITZ,,Works,
291,,Comm,Prog Power,Rat Race,Game,,,,,,,,,,missing,S. Skippo,PP,,,,,,
292,,Comm,Prog Power,Galactica,Game,,,,,,,,,,missing,S. Vout,PP,,,,,,
293,V2,Modern,Level 9,Colossal Adv,Adventure,,32K+6K,,,,,,,,obsolete,"Mike, Nick and Pete Austin",L9,8200,*RUN COLOSSAL,COLOSSAL,,Works,
294,V2,Modern,Level 9,Snowball,Adventure,,32K+6K,,,,,,,,obsolete,"Mike, Nick and Pete Austin",L9,8200,*RUN SNOWBALL,SNOWBALL,,Works,
295,V3,Non Comm,Magnus Olsson,Diamonds,Adventure,,,,,,,,,,present,Magnus Olsson,MO,8200,"CH.""DIAMONDS""",DIAMONDS,,Works,
296,,Comm,???,Intra Terrestrial,Adventure,,,,,,,,,,duplicate,,,,,,,,
297,V3,Comm,Bearsoft,Wolf Pack,Game,,,,,,,,,,present,M. Barwise,BS,8200,"CH.""WOLFPAC""",WOLFPAC,,Works,
298,V3,Modern,Level 9,Colossal Adv (B),Adventure,,32K+6K,,,,,,,,obsolete,"Mike, Nick and Pete Austin",L9,2900,"*RUN VDUBLO
*RUN COLOSSAL","VDUBLO
COLOSSAL",,,
299,V3,Modern,Level 9,Snowball (B),Adventure,,32K+6K,,,,,,,,obsolete,"Mike, Nick and Pete Austin",L9,2900,"*RUN VDUBLO
*RUN SNOWBALL","VDUBLO
SNOWBALL",,,
300,V3,Modern,Level 9,Colossal Adv (W),Adventure,,32K+6K,,,,,,,,obsolete,"Mike, Nick and Pete Austin",L9,2900,"*RUN VDUWLO
*RUN COLOSSAL","VDUWLO
COLOSSAL",,,
301,V3,Modern,Level 9,Snowball (W),Adventure,,32K+6K,,,,,,,,obsolete,"Mike, Nick and Pete Austin",L9,2900,"*RUN VDUWLO
*RUN SNOWBALL","VDUWLO
SNOWBALL",,,
302,,Comm,,Astrofire (Kees),,,,,,,,,,,duplicate,,,,,,,Duplicate of Prog Power Astrafire,
303,V3,Modern,Retro S/W,Chuckie Egg (M),Game,RS Mono,32K+6K,,,,,,,JoyMMC,present,,RS/CHUCKIE,8200,*RUN MCH-EGG,"ASM
CCH-EGG
CCHUCK
FONT
MCH-EGG
MCHUCK
MENU
ROTDATA
RUNME",,Works,
304,V3,Modern,Retro S/W,Chuckie Egg (C),Game,RS Colour,32K+6K,,,,,,,JoyMMC,present,,RS/CHUCKIE,8200,*RUN CCH-EGG,"ASM
CCH-EGG
CCHUCK
FONT
MCH-EGG
MCHUCK
MENU
ROTDATA
RUNME",,Works,
305,V8B2,Modern,Retro S/W,Galaforce (M),Game,RS Mono,32K+6K,Yes,,,,,,JoyMMC,present,,RS/GALA,8200,*RUN MGALA,"ASM
CGALA
CGALSCR
FONT
MENU
MGALA
MGALSCR
ROTDATA
RUNME
SCORE",,Works,
306,V10B5,Modern,Retro S/W,Galaforce (C),Game,RS Colour,32K+6K,Yes,,,,,,JoyMMC,present,,RS/GALA,8200,*RUN CGALA,"ASM
CGALA
CGALSCR
FONT
MENU
MGALA
MGALSCR
ROTDATA
RUNME
SCORE",,Works,
307,V3,Modern,Retro S/W,Hyper Viper (M),Game,RS Mono,,,,,,,,,present,,RS/HYPERV,8200,*RUN MHYPER,"CHYPER
LOADER
MHYPER",,Works,
308,V3,Modern,Retro S/W,Hyper Viper (C),Game,RS Colour,,,,,,,,,present,,RS/HYPERV,8200,*RUN CHYPER,"CHYPER
LOADER
MHYPER",,Works,
309,V3,Modern,Retro S/W,Jet Set Miner (M),Game,RS Mono,,,,,,,,,present,,RS/MINER,8200,*RUN MMINER,"CMINER
DAT0
DAT1
EDITOR
LOADER
MMINER",,Works,
310,V3,Modern,Retro S/W,Jet Set Miner (C),Game,RS Colour,,,,,,,,,present,,RS/MINER,8200,*RUN CMINER,"CMINER
DAT0
DAT1
EDITOR
LOADER
MMINER",,Works,
311,V3,Comm,A&F S/W,Minefield,Game,,,,,,,,,,present,,AF,8200,"CH.""MINEFIEL""",MINEFIEL,,Works,
312,V3,Non Comm,Non Comm,Bell Hop,Game,,,,,,,,,,present,ML & JMF,OTHER,8200,*RUN BELLHOP,BELLHOP,,Works,
313,V3,Non Comm,Non Comm,Boxes,Game,,,,,,,,,,present,,OTHER,8200,"CH.""BOXES""",BOXES,,Works,
314,V3,Non Comm,Non Comm,Cement,Game,,,Yes,,,,,,,present,RK,OTHER,8200,"*LOAD CEMENT
RUN",CEMENT,,Works,
315,V3,Non Comm,Non Comm,Pengo,Game,,,,,,,,,,present,M.LAUWERENS,OTHER,8200,*RUN PENGO,PENGO,,Works,
316,V3,Non Comm,Non Comm,Stitch,Game,,,,,,,,,,present,,OTHER,8200,"CH.""STITCH""",STITCH,,Works,
317,V4,Modern,Level 9,Colossal Adv,Adventure,Middle Earth,32K+6K,,,,,,,,present,"Mike, Nick and Pete Austin",L9/COLOSSAL,2900,"*RUN VDUBLO
*RUN COLOSSAL","VDUBLO
COLOSSAL",,Works,
318,V4,Modern,Level 9,Adv Quest,Adventure,Middle Earth,32K+6K,,,,,,,,present,"Mike, Nick and Pete Austin",L9/ADQUEST,2900,"*RUN VDUBLO
*RUN ADQUEST","VDUBLO
ADQUEST",,Works,
319,V4,Modern,Level 9,Dungeon Adv,Adventure,Middle Earth,32K+6K,,,,,,,,present,"Mike, Nick and Pete Austin",L9/DUNGEON,2900,"*RUN VDUBLO
*RUN DUNGEON","VDUBLO
DUNGEON",,Works,
320,V4,Modern,Level 9,Snowball,Adventure,Silicon Dreams,32K+6K,,,,,,,,present,"Mike, Nick and Pete Austin",L9/SNOWBALL,2900,"*RUN VDUBLO
*RUN SNOWBALL","VDUBLO
SNOWBALL",,Works,
321,V4,Modern,Level 9,Return to Eden,Adventure,Silicon Dreams,32K+6K,,,,,,,,present,"Mike, Nick and Pete Austin",L9/EDEN,2900,"*RUN VDUBLO
*RUN EDEN","VDUBLO
EDEN",,Works,
322,V4,Modern,Level 9,Worm in Paradise,Adventure,Silicon Dreams,32K+6K,,,,,,,,present,"Mike, Nick and Pete Austin",L9/WORM,2900,*RUN WORM,WORM,,Works,
323,V4,Modern,Level 9,Lords of Time,Adventure,Time and Magik,32K+6K,,,,,,,,present,"Mike, Nick and Pete Austin",L9/LORDSOF,2900,"*RUN VDUBLO
*RUN LORDSOF","VDUBLO
LORDSOF",,Works,
324,V4,Modern,Level 9,Red Moon,Adventure,Time and Magik,32K+6K,,,,,,,,present,"Mike, Nick and Pete Austin",L9/REDMOON,2900,"*RUN VDUBLO
*RUN REDMOON","VDUBLO
REDMOON",,Works,
325,V4,Modern,Level 9,Price of Magik,Adventure,Time and Magik,32K+6K,,,,,,,,present,"Mike, Nick and Pete Austin",L9/MAGIK,2900,*RUN MAGIK,MAGIK,,Works,
326,V4,Magazines,Your Computer,Acorn Kong,Game,,,Yes,,,,,,,present,???,YC,8200,"CH.""ACKONG""",ACKONG,,Works,
328,V4,Non Comm,Non Comm,Artist,Utility,,,,,,,,,,duplicate,???,NC,8200,*RUN ARTIST,ARTIST,,Works,
330,V4,Non Comm,Non Comm,Atomica Spacewar,Game,,,,Yes,No,No,,,,present,J.A.F.M.van Eldik,NC/TB,8200,"CH.""ATOMICA""",ATOMICA,,Works,
331,V7B2,Magazines,Your Computer,Bit Bandit,Game,,,,,,,,,,present,S.P.Elliot,YC,8200,"CH.""BANDIT""",BANDIT,,Works,
332,V4,Non Comm,Non Comm,Space Battle,Game,,,Yes,No,No,Yes,,,,present,???,NC/TB,8200,"CH.""BATSHIP""",BATSHIP,,Works,
333,V4,Non Comm,Non Comm,Backgammon,Game,,,,,,,,,,duplicate,???,NC,8200,"CH.""BCKGAM""",BCKGAM,,Works,This is actually Bug Byte Backgammon!
334,V4,Non Comm,Non Comm,Beetle,Game,,,,,,,,,,duplicate,???,NC,8200,"CH.""BEETLE""",BEETLE,,Works,
335,V7B2,Magazines,Your Computer,Blitzkrieg,Game,,,Yes,,,,,,,present,???,YC,8200,"CH.""BLITZ""",BLITZ,,Works,
336,V4,Magazines,C&VG,Blockbuster,Game,,,,,,,,,,present,Chris Cytera,CVG,8200,"CH.""BLOBUST""",BLOBUST,,Works,
338,V4,Non Comm,Non Comm,Bowling,Game,,,,Yes,No,No,,,,present,F.Bitter,NC/TB,8200,"CH.""BOWL2""",BOWL2,,Works,
339,V4,Non Comm,Non Comm,Breakout,Game,,,,,,,,,,duplicate,???,NC,8200,"CH.""BREAKOU""",BREAKOU,,Works,
340,V4,Magazines,C&VG,Bug Battle,Game,,,,,,,,,,present,G. Dunnett,CVG,8200,"CH.""BUGBATT""",BUGBATT,,Works,
341,V4,Non Comm,Non Comm,Cards Bridge?,Game,,,,No,No,Yes,,,,present,???,NC/TB,8200,"CH.""CARDS-H""",CARDS-H,,Works,
342,V4,Non Comm,Non Comm,Cards Bridge?,Game,,,,No,No,Yes,,,,present,???,NC/TB,8200,"CH.""CARDS-V""",CARDS-V,,Works,
345,V4,Non Comm,Non Comm,City Bomber,Game,,32K+6K,,No,Yes,No,,,,present,R.Boers,NC/TB,8200,"CH.""CITYBOM""",CITYBOM,,Works,
346,,Non Comm,Non Comm,Gobi Woestijn,Game,,,,,,,,,,duplicate,???,NC,8200,"CH.""DESERT""",DESERT,,,
347,V13B1,Books,Getting Acquainted,Dodgem,Game,,,,,,,,,,present,???,GA,8200,"CH.""DODGEM""",DODGEM,,Test,
349,V4,Non Comm,Non Comm,Draw Poker,Game,,32K+8K,Yes,No,Yes,No,,,,present,E.Thijsse,NC/TB,8200,"CH.""DRAWPOK""",DRAWPOK,,Works,
350,,Non Comm,Non Comm,Drive,Game,,,,,,,,,,duplicate,D.Dini,NC,8200,*RUN DRIVE,DRIVE,,,
351,V4,Non Comm,Non Comm,Fizzle Bricks,Game,,,Yes,,,,,,,present,???,NC,8200,"CH.""FOURROW""",FOURROW,,Works,
352,V4,Non Comm,Non Comm,Golf,Game,,,,,,,,,,present,???,NC,8200,"CH.""GOLF""",GOLF,,Works,
353,V4,Comm,Computersmith,Golf,Game,,,Yes,,,,,,,present,???,CS,8200,"CH.""GOLF-CS""",GOLF-CS,,Works,
354,,Non Comm,Non Comm,Hostage,Game,,,,,,,,,,duplicate,???,NC,8200,"CH.""GYZEL""",GYZEL,,,
356,V4,Magazines,Your Computer,The Hawk,Game,,,Yes,,,,,,,present,???,YC,8200,"CH.""HAWK""",HAWK,,Works,
357,,Non Comm,Non Comm,Highway,Game,,,,,,,,,,missing,R.Leurs,NC,8200,"CH.""HIGHWAY""",HIGHWAY,,,
359,V4,Non Comm,Non Comm,Huncher,Game,,,,No,No,Yes,,,,present,S.Myngheer,NC/TB,8200,"CH.""HUNCHER""",HUNCHER,,Works,
361,,Non Comm,Non Comm,Intra Terrestrial,Game,,,,,,,,,,missing,J.Biel,NC,8200,"CH.""INTRA""",INTRA,,,
362,,Non Comm,Non Comm,Jet,Game,,,,,,,,,,duplicate,B.Hommel,NC,8200,*RUN JET,JET,,,
363,V4,Non Comm,Magnus Olsson,Katakomb,Game,,,Yes,,,,,,,present,Magnus Olssen,MO,8200,"CH.""KATAKOMB""",KATAKOMB,,Works,
364,V4,Non Comm,Non Comm,Snakes & Ladders,Game,,,,,,,,,,duplicate,???,NC,8200,*RUN LADDERS,LADDERS,,Broken,
365,V8B1,Magazines,Hobbyscoop,Zachte landing,Game,,,Yes,,,,,,,present,H.Wagenaar,HS,2900,"?18=130
CH.""LANDING""",LANDING,,Works,
366,V4,Non Comm,Non Comm,Grand Prix Special,Game,,,,,,,,,,present,???,NC,8200,"CH.""LEMANS""",LEMANS,,Works,
367,V4,Non Comm,Non Comm,Lunar Lander,Game,,,,,,,,,,present,???,NC,8200,"CH.""LUNLAN""",LUNLAN,,Works,
368,V7B2,Non Comm,Magnus Olsson,Masken,Game,,,,,,,,,,present,Magnus Olssen,MO,8200,"CH.""MASKEN""",MASKEN,,Works,
369,V4,Non Comm,Non Comm,Moonlander,Game,,,,,,,,,,present,???,NC,8200,"CH.""MLANDER""",MLANDER,,Works,
370,V4,Non Comm,Non Comm,Navigator,Game,,,,No,Yes,No,,,,present,R.Leurs,NC,8200,"CH.""NAVIGAT""",NAVIGAT,,Works,
371,V4,Non Comm,Non Comm,Nightmare Park,Game,,,,,,,,,,present,S.M.Probyn,NC,8200,"CH.""NIGHTM""",NIGHTM,,Works,
373,V4,Non Comm,Non Comm,Othello,Game,,,,,,,,,,duplicate,???,NC,8200,"?18=40
CH.""OTHEL1""",OTHEL1,,Works,
375,V4,Comm,Electrocomp sups,OXO,Game,,,,,,,,,,present,???,ES,8200,"CH.""OXO""",OXO,,Works,
376,V4,Non Comm,Non Comm,Hyperman,Game,,,,,,,,,,duplicate,???,NC,8200,"CH.""PACKMAN""",PACKMAN,,Broken,
377,V4,Non Comm,Non Comm,Pacman,Game,,,,,,,,,,present,Thony Brown,NC,8200,"CH.""PACMAN""",PACMAN,,Works,
378,V4,Non Comm,Non Comm,Plakoto,Game,,,,,,,,,,present,???,NC,8200,"CH.""PLAKOTO""",PLAKOTO,,Works,
379,V4,Non Comm,Non Comm,Persuit Plane,Game,,,,,,,,,,present,JC-ADM,NC,8200,*RUN PLANE,PLANE,,Works,
380,V4,Non Comm,Non Comm,Plane,Game,,,,,,,,,,present,???,NC,8200,"CH.""PLANES""",PLANES,,Works,
381,V4,Non Comm,Non Comm,POGO,Game,,32K+6K,,Yes,Yes,Yes,,,,present,Hamburgersoft,NC/TB,8200,"CH.""POGO""",POGO,,Works,
382,V4,Non Comm,Non Comm,Pointer,Game,,6K+6K,,,,,,,,present,???,NC,8200,*RUN POINTER,POINTER,,Works,
383,V4,Non Comm,Non Comm,Prinses,Game,,,,No,Yes,No,,,,present,G.T.H.,NC,8200,"CH.""PRINSES""",PRINSES,,Works,
384,V4,Non Comm,Non Comm,Puzzel,Game,,32K+6K,,Yes,No,No,,,,present,Frans,NC/TB,8200,"CH.""PUZZEL""",PUZZEL,,Works,
385,V4,Non Comm,Non Comm,Race,Game,,,,,,,,,,present,A.Clarke,NC,8200,"CH.""RACE""",RACE,,Works,
386,,Non Comm,Non Comm,Formula One,Game,,,,,,,,,,duplicate,JVK,NC,8200,"CH.""RACING""",RACING,,,
387,V4,Non Comm,Non Comm,Race Rups,Game,,,,Yes,No,No,,,,present,???,NC,8200,"CH.""RACRUPS""",RACRUPS,,Works,
389,V8B1,Non Comm,Non Comm,Reversi,Game,,32K+6K,,Yes,No,No,,,,present,L.Bijnagte,NC,8200,*RUN REVERS3,REVERS3,,Works,
390,V4,Non Comm,Non Comm,Rhinoceros,Game,,,Yes,,,,,,,present,J.R.Marks,NC,8200,"CH.""RHINOS2""",RHINOS2,,Works,
391,,Non Comm,Non Comm,Saturn,Game,,,,,,,,,,duplicate,R.Knapen,NC,8200,"CH.""SATURN""",SATURN,,,
392,,Non Comm,Non Comm,Shelobs Army,Game,,,,,,,,,,duplicate,G.Hillebrand,NC,8200,*RUN SHELOBS,SHELOBS,,,
393,V8B1,Non Comm,Non Comm,Shuttle,Game,,,Yes,No,No,Yes,,,,present,B.Bekooy,NC,8200,"CH.""SHUTTLE""",SHUTTLE,,Works,
394,V4,Comm,Electrocomp sups,Ski Slope,Game,,,Yes,,,,,,,present,???,ES,8200,"CH.""SKI""",SKI,,Works,
395,V4,Magazines,C&VG,Ski-ing,Game,,,,,,,,,,present,S.  J. Harris,CVG,8200,"CH.""SKIING""",SKIING,,Works,
396,V4,Non Comm,Non Comm,Skippy,Game,,,Yes,,No,,,,,present,???,NC,8200,*RUN SKIPPY,SKIPPY,,Works,
397,V4,Comm,Electrocomp sups,Snakes,Game,,,,,,,,,,present,???,ES,8200,"CH.""SLANGEN""",SLANGEN,,Works,
398,V8B1,Non Comm,Non Comm,Snoopy,Game,,,,,,,,,,present,???,NC,8200,"CH.""SNOOPY""",SNOOPY,,Works,
399,,Non Comm,Non Comm,Space Zap,Game,,,,,,,,,,duplicate,G.Groenewold,NC,8200,"CH.""SPACZAB""",SPACZAB,,,
400,V7B2,Non Comm,Magnus Olsson,Star Trek IV,Game,,,Yes,,,,Yes,,,present,Magnus Olssen,MO,9700,"*LOAD 157
*LOAD 157S
?18=40
RUN","157
157S",,Broken,
402,V4,Non Comm,Non Comm,Star War,Game,,,,,,,,,,duplicate,???,NC,8200,*RUN STARWAR,STARWAR,,Works,
403,V7B2,Magazines,Your Computer,Stuntman,Game,,,,,,,,,,present,C.Szpojarowicz,YC,8200,"CH.""STUNT""",STUNT,,Works,
404,,Non Comm,Non Comm,SUBMAR,Game,,,,,,,,,,missing,,NC,8200,"CH.""SUBMAR""",SUBMAR,,,
406,V4,Non Comm,Non Comm,Teacups,Game,,,,,,,,,,present,???,NC,8200,"CH.""TEACUPS""",TEACUPS,,Works,
408,V8B1,Comm,Oak Leaves,Walls,Game,,,,,,,,,,present,J.Lasruk,OL,8200,"CH.""WALLS""",WALLS,,Works,
409,V4,Non Comm,Non Comm,Wipeout,Game,,,,,,,,,,present,???,NC,8200,"CH.""WIPEOUT""",WIPEOUT,,Works,
410,V4,Non Comm,Non Comm,Woodland,Game,,,,,,,,,,present,G.J.Noorland,NC,8200,"CH.""WOODLND""",WOODLND,,Works,
411,V4,Comm,Computersmith,Word Gram,Game,,,,,,,,,,present,???,CS,8200,"CH.""WRDGRAM""",WRDGRAM,,Works,
413,,Non Comm,Non Comm,ZEESLA1,Game,,,,,,,,,,duplicate,,NC,8200,"CH.""ZEESLA1""",ZEESLA1,,,
414,V8B1,Non Comm,Non Comm,Zeeslag,Game,,,,No,No,Yes,,,,present,J.J.Mertens,NC,8200,"CH.""ZEESLAG""",ZEESLAG,,Works,
415,,Books,Practical Programs,Card Trick,Game,,,,,,,,,,duplicate,???,PPBA,8200,,,,Works,
416,V4,Books,Atom Magic Book,Breakout,Game,,,,,,,,,,present,Mike Lord,AMB,8200,"CH.""BROUT""",BROUT,,Works,
417,V4,Books,Atom Magic Book,3D Maze,Game,,,,,,,,,,present,Mike Lord,AMB,8200,"CH.""3DMAZE""",3DMAZE,,Works,
418,V4,Books,Atom Magic Book,Letters,Game,,,,,,,,,,present,Mike Lord,AMB,8200,"CH.""LETTERS""",LETTERS,,Works,
419,V4,Books,Atom Magic Book,Matches,Game,,,,,,,,,,present,Mike Lord,AMB,8200,"CH.""MATCHES""",MATCHES,,Works,
420,V4,Books,Atom Magic Book,Russian Roulette,Game,,,,,,,,,,present,Mike Lord,AMB,8200,"CH.""RROUL""",RROUL,,Works,
421,V4,Books,Atom Magic Book,Compart,Graphics,,,,,,,,,,present,Mike Lord,AMB,8200,"CH.""COMPART""",COMPART,,Works,
422,V4,Books,Atom Magic Book,Talkback,Utility,,,,,,,,,,present,Mike Lord,AMB,8200,"CH.""TALKBOX""",TALKBOX,,Works,
423,V4,Books,Atom Magic Book,Moon Lander,Game,,,,,,,,,,present,Mike Lord,AMB,8200,"CH.""MOONL""",MOONL,,Works,
424,V4,Books,Atom Magic Book,Bouncing Ball,Graphics,,,,,,,,,,present,Mike Lord,AMB,8200,"CH.""BBALL""",BBALL,,Works,
425,V4,Books,Atom Magic Book,Patchwork,Graphics,,,,,,,,,,present,Mike Lord,AMB,8200,"CH.""PATCHW""",PATCHW,,Works,
426,V4,Books,Atom Magic Book,Bug Race,Game,,,,,,,,,,present,Mike Lord,AMB,8200,"CH.""BUGRACE""",BUGRACE,,Works,
427,V4,Books,Atom Magic Book,Space Battle,Game,,,,,,,,,,present,Mike Lord,AMB,8200,"CH.""SPBAT""",SPBAT,,Works,
428,V4,Books,Atom Magic Book,Hammurabi,Game,,,,,,,,,,present,Mike Lord,AMB,8200,"CH.""HAMMUR""",HAMMUR,,Works,
429,V4,Books,Atom Magic Book,Higher/Lower,Game,,,,,,,,,,present,Mike Lord,AMB,8200,"CH.""HILO""",HILO,,Works,
430,V4,Books,Atom Magic Book,Buzz-Word,Business,,,,,,,,,,present,Mike Lord,AMB,8200,"CH.""BUZZW""",BUZZW,,Works,
431,V4,Books,Atom Magic Book,Othello,Game,,,,,,,,,,present,Mike Lord,AMB,8200,"CH.""OTHELLO""",OTHELLO,,Works,
432,V4,Books,Atom Magic Book,Number Guessing A,Game,,,,,,,,,,present,Mike Lord,AMB,8200,"CH.""NUMA""",NUMA,,Works,
433,V4,Books,Atom Magic Book,Number Guessing B,Game,,,,,,,,,,present,Mike Lord,AMB,8200,"CH.""NUMB""",NUMB,,Works,
434,V4,Books,Atom Magic Book,Hexpawn,Game,,,,,,,,,,present,Mike Lord,AMB,8200,"CH.""HEXPAWN""",HEXPAWN,,Works,
435,V4,Books,Atom Magic Book,Drive,Game,,,,,,,,,,present,Mike Lord,AMB,8200,"CH.""DRIVE""",DRIVE,,Works,
436,V4,Books,Atom Magic Book,Biorythm,Simulation,,,,,,,,,,present,Mike Lord,AMB,8200,"CH.""BIORYT""",BIORYT,,Works,
437,V4,Books,Atom Magic Book,Sums tester,Educational,,,,,,,,,,present,Mike Lord,AMB,8200,"CH.""SUMS""",SUMS,,Works,
438,V4,Books,Atom Magic Book,Scramble,Game,,,,,,,,,,present,Mike Lord,AMB,8200,"CH.""SCRAMB""",SCRAMB,,Works,
439,V4,Books,Atom Magic Book,Designs,Graphics,,,,,,,,,,present,Mike Lord,AMB,8200,"CH.""DESIGNS""",DESIGNS,,Works,
440,V4,Books,Atom Magic Book,Hunt the Wampus,Game,,,,,,,,,,present,Mike Lord,AMB,8200,"CH.""WAMPUS""",WAMPUS,,Works,
441,V4,Books,Atom Magic Book,Simon,Game,,,,,,,,,,present,Mike Lord,AMB,8200,"CH.""SIMON""",SIMON,,Works,
442,V4,Books,Atom Magic Book,Screens,Utility,,,,,,,,,,present,Mike Lord,AMB,8200,"CH.""SCREENS""",SCREENS,,Works,
443,V4,Books,Atom Magic Book,Hangman,Game,,,,,,,,,,present,Mike Lord,AMB,8200,"CH.""HANGMAN""",HANGMAN,,Works,
444,V4,Books,Atomic Theory,Cubic Curve,Graphics,,,,,,,,,,present,David Johnson Davies,ATAP,8200,"CH.""4-18""",4-18,,Works,
445,V4,Books,Atomic Theory,Curve Stitching,Graphics,,,,,,,,,,present,David Johnson Davies,ATAP,8200,"CH.""5-6""",5-6,,Works,
446,V4,Books,Atomic Theory,GCD,Utility,,,,,,,,,,present,David Johnson Davies,ATAP,8200,"CH.""5-9""",5-9,,Works,
447,V4,Books,Atomic Theory,Square Root,Utility,,,,,,,,,,present,David Johnson Davies,ATAP,8200,"CH.""5-10""",5-10,,Works,
448,V4,Books,Atomic Theory,Powers,Utility,,,,,,,,,,present,David Johnson Davies,ATAP,8200,"CH.""5-11""",5-11,,Works,
449,V4,Books,Atomic Theory,Digital Clock,Utility,,,,,,,,,,present,David Johnson Davies,ATAP,8200,"CH.""5-13""",5-13,,Works,
450,V4,Books,Atomic Theory,Reaction Timer,Utility,,,,,,,,,,present,David Johnson Davies,ATAP,8200,"CH.""5-14""",5-14,,Works,
451,V4,Books,Atomic Theory,Chequebook,Utility,,,,,,,,,,present,David Johnson Davies,ATAP,8200,"CH.""6-3""",6-3,,Works,
452,V4,Books,Atomic Theory,Linear Interpolation,Utility,,,,,,,,,,present,David Johnson Davies,ATAP,8200,"CH.""6-4""",6-4,,Works,
453,V4,Books,Atomic Theory,Tower of Hanoi,Game,,,,,,,,,,present,David Johnson Davies,ATAP,8200,"CH.""6-6""",6-6,,Works,
454,V4,Books,Atomic Theory,Eight Queens,Game,,,,,,,,,,present,David Johnson Davies,ATAP,8200,"CH.""6-7""",6-7,,Works,
455,V4,Books,Atomic Theory,Digital Waveform,Graphics,,,,,,,,,,present,David Johnson Davies,ATAP,8200,"CH.""7-4""",7-4,,Works,
456,V4,Books,Atomic Theory,Simultaneous Equations,Utility,,,,,,,,,,present,David Johnson Davies,ATAP,8200,"CH.""7-5""",7-5,,Works,
457,V4,Books,Atomic Theory,Prime Numbers,Utility,,,,,,,,,,present,David Johnson Davies,ATAP,8200,"CH.""7-6""",7-6,,Works,
458,V4,Books,Atomic Theory,Arb Prec Powers,Utility,,,,,,,,,,present,David Johnson Davies,ATAP,8200,"CH.""7-8""",7-8,,Works,
459,V4,Books,Atomic Theory,Animals,Game,,,,,,,,,,present,David Johnson Davies,ATAP,8200,"CH.""9-3""",9-3,,Broken - depends on BPUT/BGET,
460,V4,Books,Atomic Theory,Random Rectangles,Graphics,,,,,,,,,,present,David Johnson Davies,ATAP,8200,"CH.""11-1""",11-1,,Works,
461,V4,Books,Atomic Theory,Sierpinski Curve,Graphics,,,,,,,,,,present,David Johnson Davies,ATAP,8200,"CH.""11-2""",11-2,,Works,
462,V4,Books,Atomic Theory,3D Plotting,Graphics,,,,,,,,,,present,David Johnson Davies,ATAP,8200,"CH.""11-3""",11-3,,Works,
463,V4,Books,Atomic Theory,Hex Plotting,Graphics,,,,,,,,,,present,David Johnson Davies,ATAP,8200,"CH.""11-4""",11-4,,Works,
464,V4,Books,Atomic Theory,Clock,Graphics,,,,,,,,,,present,David Johnson Davies,ATAP,8200,"CH.""11-5""",11-5,,Works,
465,V4,Books,Atomic Theory,4 Colour Plot,Graphics,,,,,,,,,,present,David Johnson Davies,ATAP,8200,"CH.""11-6""",11-6,,Works,
466,V4,Books,Atomic Theory,Ram Test,Utility,Test,,,,,,,,,present,David Johnson Davies,ATAP,8200,"CH.""12-1""",12-1,,Works,
467,V4,Books,Atomic Theory,Rom Test,Utility,Test,,,,,,,,,present,David Johnson Davies,ATAP,8200,"CH.""12-2""",12-2,,Works,
468,V4,Books,Atomic Theory,Harpsichord,Music,,,,,,,,,,present,David Johnson Davies,ATAP,8200,"CH.""17-3""",17-3,,Works,
469,V4,Books,Atomic Theory,Bulls and Cows,Game,,,,,,,,,,present,David Johnson Davies,ATAP,8200,"CH.""17-4""",17-4,,Works,
470,V4,Books,Atomic Theory,Sine and Tangent,Graphics,,,Yes,,,,,,,present,David Johnson Davies,ATAP,8200,"CH.""22-1""",22-1,,Works,
471,V4,Books,Atomic Theory,Cycloid Curve,Graphics,,,Yes,,,,,,,present,David Johnson Davies,ATAP,8200,"CH.""22-2""",22-2,,Works,
472,V4,Books,Atomic Theory,Saddle Curve,Graphics,,,Yes,,,,,,,present,David Johnson Davies,ATAP,8200,"CH.""22-3""",22-3,,Works,
473,V4,Books,Practical Programs,Silver-Dollar Game,Game,,,,,,,,,,present,David Johnson Davies,PPBA,8200,"CH.""DOLLAR""",DOLLAR,,Works,
474,V4,Books,Practical Programs,Car Maze,Game,,,,,,,,,,present,David Johnson Davies,PPBA,8200,"CH.""CARMAZE""",CARMAZE,,Works,
475,V4,Books,Practical Programs,Card Trick,Game,,,,,,,,,,present,David Johnson Davies,PPBA,8200,"CH.""CARDTRIC""",CARDTRIC,,Works,
476,V4,Books,Practical Programs,Patterns,Game,,,,,,,,,,present,David Johnson Davies,PPBA,8200,"CH.""PATTERNS""",PATTERNS,,Works,
477,V4,Books,Practical Programs,Contours,Graphics,,,Yes,,,,,,,present,David Johnson Davies,PPBA,8200,"CH.""CONTOURS""",CONTOURS,,Works,
478,V4,Books,Practical Programs,Rotation,Graphics,,,Yes,,,,,,,present,David Johnson Davies,PPBA,8200,"CH.""ROTATION""",ROTATION,,Works,
479,V4,Books,Practical Programs,Surface,Graphics,,,Yes,,,,,,,present,David Johnson Davies,PPBA,8200,"CH.""SURFACE""",SURFACE,,Works,
480,V4,Books,Practical Programs,Anagrams,Utility,,,,,,,,,,present,David Johnson Davies,PPBA,8200,"CH.""ANAGRAMS""",ANAGRAMS,,Works,
481,V4,Books,Practical Programs,Buzz-Phrases,Utility,,,,,,,,,,present,David Johnson Davies,PPBA,8200,"CH.""BUZZ""",BUZZ,,Works,
482,V4,Books,Practical Programs,Limericks,Utility,,,,,,,,,,present,David Johnson Davies,PPBA,8200,"CH.""LIMERICK""",LIMERICK,,Works,
483,V4,Books,Practical Programs,Catalogue,Utility,,,,,,,,,,present,David Johnson Davies,PPBA,8200,"CH.""CATALOG""",CATALOG,,Works,
484,V4,Books,Practical Programs,Fractions,Utility,,,Yes,,,,,,,present,David Johnson Davies,PPBA,8200,"CH.""FRACTION""",FRACTION,,Works,
485,V4,Books,Practical Programs,Polynomials,Utility,,,,,,,,,,present,David Johnson Davies,PPBA,8200,"CH.""POLYNOMI""",POLYNOMI,,Works,
486,V4,Books,Practical Programs,Calculator,Utility,,,,,,,,,,present,David Johnson Davies,PPBA,8200,"CH.""CALCULAT""",CALCULAT,,Works,
487,V4,Books,Practical Programs,Assignment,Language,,,,,,,,,,present,David Johnson Davies,PPBA,8200,"CH.""ASSIGN""",ASSIGN,,Works,
488,V4,Books,Practical Programs,SPL - Bubble Sort,Language,,,,No,No,No,,,,present,David Johnson Davies,PPBA,3A00,"*LOAD SPLSORT
*LOAD COMPILER
?18=130
RUN","SPLSORT
COMPILER",,Works,
489,V4,Books,Practical Programs,SPL - Crawling Snake,Language,,,,No,No,No,,,,present,David Johnson Davies,PPBA,3A00,"*LOAD SPLSNAKE
*LOAD COMPILER
?18=130
RUN","SPLSNAKE
COMPILER",,Works,
490,V4,Books,Practical Programs,SPL - Primes,Language,,,,No,No,No,,,,present,David Johnson Davies,PPBA,3A00,"*LOAD SPLPRIME
*LOAD COMPILER
?18=130
RUN","SPLPRIME
COMPILER",,Works,
491,V4,Books,Practical Programs,SPL - GCD,Language,,,,No,No,No,,,,present,David Johnson Davies,PPBA,3A00,"*LOAD SPLGCD
*LOAD COMPILER
?18=130
RUN","SPLGCD
COMPILER",,Works,
492,V4,Books,Practical Programs,SPL - Multiply,Language,,,,No,No,No,,,,present,David Johnson Davies,PPBA,3A00,"*LOAD SPLMULT
*LOAD COMPILER
?18=130
RUN","SPLMULT
COMPILER",,Works,
493,V4,Books,Practical Programs,SPL - Mastermind,Language,,,,No,No,No,,,,present,David Johnson Davies,PPBA,3A00,"*LOAD SPLMAST
*LOAD COMPILER
?18=130
RUN","SPLMAST
COMPILER",,Works,
494,V4,Books,Interface,Holocaust,Game,,,,,,,,,,present,Robert Heard,TBOI,8200,"CH.""HOLO""",HOLO,,Works,
495,V4,Books,Interface,Breakout,Game,,,,,,,,,,present,G. Hillebrand,TBOI,8200,"CH.""BROUT""",BROUT,,Works,
496,V4,Books,Interface,Soccer,Game,,,,,,,,,,present,Ian Smith,TBOI,8200,"CH.""SOCCER""",SOCCER,,Works,
497,V4,Books,Interface,Life,Simulation,,,,,,,,,,present,Anne Marshall,TBOI,8200,"CH.""LIFE""",LIFE,,Works,
498,V4,Books,Interface,Ski-Run,Game,,,,,,,,,,present,Robert Heard,TBOI,8200,"CH.""SKIRUN""",SKIRUN,,Works,
499,V4,Books,Interface,Fruit Machine,Game,,,,,,,,,,present,Ian Smith,TBOI,8200,"CH.""FRMACH""",FRMACH,,Works,
500,V4,Books,Interface,10 Pin Bowling,Game,,,,,,,,,,present,Tim Hartnell,TBOI,8200,"CH.""BOWLING""",BOWLING,,Works,
501,V4,Books,Interface,Starwars,Game,,,,,,,,,,present,G. Hillebrand,TBOI,8200,"CH.""STARWAR""",STARWAR,,Works,
502,V4,Books,Interface,Invader Force,Game,,,Yes,,,,,,,present,Ian Smith,TBOI,8200,"CH.""INVADE""",INVADE,,Works,
503,V4,Books,Interface,Number Rotate!,Game,,,,,,,,,,present,Markus Jakobsson,TBOI,8200,"CH.""ROTATE""",ROTATE,,Works,
504,V4,Books,Interface,Nim,Game,,,,,,,,,,present,,TBOI,8200,"CH.""NIM""",NIM,,Works,
505,V4,Books,Interface,Reversi,Game,,,,,,,,,,present,Jeremy Ruston,TBOI,8200,"CH.""REVERSI""",REVERSI,,Works,
506,V4,Books,Interface,Superothello,Game,,,,,,,,,,present,Jeremy Ruston,TBOI,8200,"CH.""OTHELLO""",OTHELLO,,Works,
507,V4,Books,Interface,E.T. Invaders,Game,,,,,,,,,,present,G. Mathews,TBOI,8200,"CH.""ETINV""",ETINV,,Works,
508,V4,Books,Interface,Deathstar Draughts,Game,,,,,,,,,,present,Tim Hartnell,TBOI,8200,"CH.""DRAUGHT""",DRAUGHT,,Works,
509,V4,Books,Interface,Thumble strummer 1,Game,,,,,,,,,,present,Amelia Bridge,TBOI,8200,"CH.""THUM1""",THUM1,,Works,
510,V4,Books,Interface,Thumble strummer 2,Game,,,,,,,,,,present,Amelia Bridge,TBOI,8200,"CH.""THUM2""",THUM2,,Works,
511,V4,Books,Interface,Amazing!,Game,,,,,,,,,,present,Russel Heins and Robert Heard,TBOI,8200,"CH.""AMAZING""",AMAZING,,Works,
512,V4,Books,Interface,Flight,Game,,,,,,,,,,present,G.S. Buttrick,TBOI,8200,"CH.""FLIGHT""",FLIGHT,,Works,
513,V4,Books,Interface,Symphonique,Music,,,,,,,,,,present,Colin Barker,TBOI,8200,"CH.""SYMPH""",SYMPH,,Works,
514,V4,Books,Interface,Kinetic String Art,Graphics,,,,,,,,,,present,Jeremy Ruston,TBOI,8200,"CH.""KINETIC""",KINETIC,,Works,
515,V4,Books,Interface,Saucer Plot,Graphics,,,Yes,,,,,,,present,Russel Heins and Robert Heard,TBOI,8200,"CH.""SAUCER""",SAUCER,,Works,
516,V4,Books,Interface,Threedee etch,Graphics,,,,,,,,,,present,Jeremy Ruston,TBOI,8200,"CH.""3DETCH""",3DETCH,,Works,
517,V4,Books,Interface,Tablet,Graphics,,,,,,,,,,present,Russel Heins and Robert Heard,TBOI,8200,"CH.""TABLET""",TABLET,,Works,
518,V4,Books,Interface,Doomswatch Cave,Game,,,,,,,,,,present,Tim Hartnell,TBOI,8200,"CH.""CAVE""",CAVE,,Works,
519,V4,Books,Interface,Easter Sunday,Utility,,,,,,,,,,present,Lars Jakobsson,TBOI,8200,"CH.""EASTER""",EASTER,,Works,
520,V4,Books,Interface,Twenty-one,Game,,,,,,,,,,present,,TBOI,8200,"CH.""21""",21,,Works,
521,V4,Books,Interface,Spiral Eater,Game,,,,,,,,,,present,Ken Mahohany,TBOI,8200,"CH.""SPIRAL""",SPIRAL,,Works,
522,V4,Books,Interface,Yahtzee,Game,,,,,,,,,,present,Ian Smith,TBOI,8200,"CH.""YAHTZEE""",YAHTZEE,,Works,
523,V4,Books,Interface,24 Steps,Game,,,,,,,,,,present,,TBOI,8200,"CH.""24STEPS""",24STEPS,,Works,
524,V4,Books,Interface,Schizo,Game,,,,,,,,,,present,Mark Devon,TBOI,8200,"CH.""SCHIZO""",SCHIZO,,Works,
525,V4,Books,Interface,Ice Cave,Graphics,,,,,,,,,,present,Normal Alms,TBOI,8200,"CH.""ICECAVE""",ICECAVE,,Works,
526,V4,Books,Interface,Data Sort,Utility,,,,,,,,,,present,,TBOI,8200,"CH.""DATASORT""",DATASORT,,Works,
527,V4,Books,Interface,100 Up,Game,,,,,,,,,,present,Ian Smith,TBOI,8200,"CH.""100UP""",100UP,,Works,
528,V4,Books,Interface,Demon,Game,,,,,,,,,,present,Wilton J. Faberge,TBOI,8200,"CH.""DEMON""",DEMON,,Works,
529,V4,Books,Interface,Monster munch,Game,,,,,,,,,,present,Tim Hartnell,TBOI,8200,"CH.""MONSTER""",MONSTER,,Works,
530,V4,Books,Interface,Asteroid belt,Game,,,,,,,,,,present,Ian Smith,TBOI,8200,"CH.""ASTROID""",ASTROID,,Works,
531,V4,Books,Interface,Co-ord,Game,,,,,,,,,,present,Robert Heard,TBOI,8200,"CH.""COORD""",COORD,,Works,
532,V4,Books,Interface,Artist,Graphics,,,,,,,,,,present,Ken North,TBOI,8200,"CH.""ARTIST""",ARTIST,,Works,
533,V5,Magazines,C&VG,Dodgems,Game,,,Yes,,,,,,,present,John Dyson,CVG,8200,"CH.""DODGEMS""",DODGEMS,,Works,
534,V4,Magazines,C&VG,Breakout,Game,,,,,,,,,,present,Tim Jackson,CVG,8200,"CH.""BREAKOU""",BREAKOU,,Works,
535,V7B2,Magazines,C&VG,Life,Game,,,,,,,,,,present,Tim Jackson,CVG,2900,"*LOAD LIFE 8200
?18=130
RUN",LIFE,,Works,
536,V5,Magazines,C&VG,Alien Hunt,Game,,,,,,,,,,present,John Kirk,CVG,8200,"CH.""ALIEN""",ALIEN,,Works,
537,V7B2,Magazines,C&VG,Entomb,Game,,,,,,,,,,present,Murray Allen,CVG,8200,"CH.""ENTOMB""",ENTOMB,,Works,
538,V7B2,Magazines,C&VG,Moon Lander,Game,,,Yes,,,,,,,present,S Draper,CVG,8200,"CH.""MOONLAN""",MOONLAN,,Works,
539,V6,Magazines,C&VG,Spiderman,Game,,,,,,,,,,present,Martin Hurley,CVG,8200,"CH.""SPIDERMA""",SPIDERMA,,Works,
540,V7B2,Magazines,C&VG,Save the Princess,Game,,,,,,,,,,present,George Taylor,CVG,8200,"CH.""PRNCSS""",PRNCSS,,Works,
541,V5,Magazines,C&VG,Snakes & Ladders,Game,,,,,,,,,,present,A. Worral,CVG,8200,"CH.""LADDERS""",LADDERS,,Works,
542,V4,Magazines,C&VG,Haunted House,Game,,,,,,,,,,present,Alex Pearson,CVG,8200,"CH.""HAUNTED""",HAUNTED,,Works,
543,V4,Magazines,C&VG,Starwar,Game,,,Yes,,,,,,,present,J. C. Flower,CVG,8200,"CH.""STARWAR""",STARWAR,,Works,
544,V7B2,Magazines,C&VG,Mining Colony,Game,,,,,,,,,,present,Robert Campbell,CVG,8200,"CH.""MINING""",MINING,,Works,
545,V6,Magazines,C&VG,Monster,Game,,,,,,,,,,present,Marcus Jakobsson,CVG,8200,"CH.""MONSTER""",MONSTER,,Works,
546,V7B2,Magazines,C&VG,Bullion Snatch,Game,,,,,,,,,,present,Stephen Mayfroidt,CVG,8200,"CH.""BULLION""",BULLION,,Works,
547,V7B2,Magazines,C&VG,Rhino,Game,,,,,,,,,,present,R. M. Andrews,CVG,8200,"CH.""RHINO""",RHINO,,Works,
548,V5,Magazines,C&VG,Formula One,Game,,,Yes,,,,,,,present,Chris Johnson,CVG,8200,"CH.""RACING""",RACING,,Works,
549,V7B2,Magazines,C&VG,Grow,Game,,,,,,,,,,present,Marcus Jacobsson,CVG,8200,"CH.""GROW""",GROW,,Works,
550,V4,Magazines,C&VG,Duck Shoot,Game,,,,No,No,No,No,Yes,,present,Tim Jackson,CVG,8200,"CH.""DUCK""",DUCK,,Works,
551,V4,Books,Wake up your Atom,Hostage,Game,,,Yes,,,,,,,present,,WUYA,8200,"CH.""HOSTAGE""",HOSTAGE,,Works,
552,V14B1,Books,Wake up your Atom,Hyperman,Game,,,,,,,,,,present,,WUYA,8200,"CH.""HYPERMAN""",HYPERMAN,,Works,
553,V4,Books,Wake up your Atom,Bone Hunt,Game,,,,,,,,,,present,,WUYA,8200,"CH.""BONEHUNT""",BONEHUNT,,Works,
554,V4,Books,Wake up your Atom,Directory,Business,,,,,,,,,,present,,WUYA,8200,"CH.""DIRECTOR""",DIRECTOR,,Works,
555,V4,Books,Wake up your Atom,Tennis,Game,,,Yes,,,,,,,present,,WUYA,8200,"CH.""TENNIS""",TENNIS,,Works,
556,V4,Books,Wake up your Atom,French Test,Educational,,,,,,,,,,present,,WUYA,8200,"CH.""FRENCH""",FRENCH,,Works,
557,V4,Books,Wake up your Atom,Pontoon,Game,,,Yes,,,,,,,present,,WUYA,8200,"*LOAD PONTOON
RUN",PONTOON,,Works,
558,V4,Books,Wake up your Atom,Safe Break,Educational,,,,,,,,,,present,,WUYA,8200,"CH.""SAFEBRK""",SAFEBRK,,Works,
559,V4,Books,Wake up your Atom,Alarm Clock,Utility,,,,,,,,,,present,,WUYA,8200,"CH.""ALARM""",ALARM,,Works,
560,V4,Books,Wake up your Atom,Wipeout,Game,,,,,,,,,,present,,WUYA,8200,"CH.""WIPEOUT""",WIPEOUT,,Works,
561,V4,Books,Wake up your Atom,Cat and Mouse,Game,,,,,,,,,,present,,WUYA,8200,"CH.""CATMOUSE""",CATMOUSE,,Works,
562,V4,Books,Wake up your Atom,Anagrams,Utility,,,,,,,,,,present,,WUYA,8200,"CH.""ANAGRAM""",ANAGRAM,,Works,
563,V4,Books,Wake up your Atom,Spacefire,Game,,,,,,,,,,present,,WUYA,8200,"CH.""SPAFIRE""",SPAFIRE,,Works,
564,V4,Books,Wake up your Atom,Bases,Utility,,,,,,,,,,present,,WUYA,8200,"CH.""BASES""",BASES,,Works,
565,V4,Books,Wake up your Atom,Shoot Out,Game,,,Yes,,,,,,,present,,WUYA,8200,"CH.""SHOOTOUT""",SHOOTOUT,,Works,
566,V4,Books,Wake up your Atom,Solitaire,Game,,,,,,,,,,present,,WUYA,8200,"CH.""SOLIT""",SOLIT,,Works,
567,V4,Books,Wake up your Atom,Beetle,Game,,,Yes,,,,,,,present,,WUYA,8200,"CH.""BEETLE""",BEETLE,,Works,
568,V4,Books,Wake up your Atom,Helicopter Lander,Game,,,,,,,,,,present,,WUYA,8200,"CH.""HELICOP""",HELICOP,,Works,
569,V4,Books,Wake up your Atom,Atomic Drawing Pad,Graphics,,,Yes,,,,,,,present,,WUYA,8200,"CH.""DRAWING""",DRAWING,,Works,
570,V4,Books,Wake up your Atom,Fractions,Utility,,,Yes,,,,,,,present,,WUYA,8200,"CH.""FRACTION""",FRACTION,,Works,
571,V5,Non Comm,Non Comm,Devil's Dungeon,Adventure,,,,,,,,,,present,Jerry Lakin,NC,8200,"CH.""DUNGEON""",DUNGEON,,Works,
572,V5,Comm,Atomic S/W,Dragon Writer,Business,,,,,,,,,,present,,AT,8200,"CH.""DRAGON""",DRAGON,,Works,
573,V5,Books,ECCE Prods,Alpha Beta Sort,Educational,,,,,,,,,,present,,ECCE,8200,"*LOAD ABSORT
CH.""ABDEMO""","ABSORT
ABDEMO",,Works,
574,V5,Books,ECCE Prods,Auto Number,Educational,,,,,,,,,,present,,ECCE,8200,*RUN AUTONUM,AUTONUM,,Works,https://site.acornatom.nl/boeken/atomic-machine-code.pdf
575,V5,Books,ECCE Prods,BRK & Page 0,Educational,,,,,,,,,,present,,ECCE,8200,*LOAD BRKPAG0,BRKPAG0,,Broken - need the book understand,https://site.acornatom.nl/boeken/atomic-machine-code.pdf
576,V5,Books,ECCE Prods,*CAT Store,Educational,,,,,,,,,,present,,ECCE,8200,"CH.""CATSTO""",CATSTO,,Broken - need the book understand,https://site.acornatom.nl/boeken/atomic-machine-code.pdf
577,V5,Books,ECCE Prods,Realtime Clock,Educational,,,,,,,,,,present,,ECCE,8200,"*LOAD CLOCK
RUN",CLOCK,,Works,https://site.acornatom.nl/boeken/atomic-machine-code.pdf
578,V5,Books,ECCE Prods,Delete Lines,Educational,,,,,,,,,,present,,ECCE,8200,"CH.""DELLINE""",DELLINE,,Works,https://site.acornatom.nl/boeken/atomic-machine-code.pdf
579,V5,Books,ECCE Prods,Design Letters,Educational,,,,,,,,,,present,,ECCE,8200,"CH.""DESLET""",DESLET,,Works,https://site.acornatom.nl/boeken/atomic-machine-code.pdf
580,V5,Books,ECCE Prods,Direct Hex,Educational,,,,,,,,,,present,,ECCE,8200,"CH.""DIRHEX""",DIRHEX,,Works,https://site.acornatom.nl/boeken/atomic-machine-code.pdf
581,V7B2,Books,ECCE Prods,Screen Chase,Educational,,,,,,,,,,present,,ECCE,8200,"CH.""CHASE""",CHASE,,Works,https://site.acornatom.nl/boeken/atomic-machine-code.pdf
582,V7B2,Books,ECCE Prods,Pontoon,Educational,,,,,,,,,,present,,ECCE,8200,"CH.""PONTOON""",PONTOON,,Works - but needs WorkPack at A000,https://site.acornatom.nl/boeken/atomic-machine-code.pdf
583,V7B2,Books,ECCE Prods,Pools,Educational,,,,,,,,,,present,,ECCE,8200,"CH.""POOLS""","POOLS
POOLS1
POOLS2",,Works,https://site.acornatom.nl/boeken/atomic-machine-code.pdf
584,V5,Books,ECCE Prods,Find End of Text,Educational,,,,,,,,,,present,,ECCE,8200,"CH.""FINDEND""",FINDEND,,Works,https://site.acornatom.nl/boeken/atomic-machine-code.pdf
585,V5,Books,ECCE Prods,Flashing Lines,Educational,,,,,,,,,,present,,ECCE,8200,"CH.""FLASH""",FLASH,,Works,https://site.acornatom.nl/boeken/atomic-machine-code.pdf
586,V5,Books,ECCE Prods,Fruit Machine,Educational,,,,,,,,,,present,,ECCE,8200,"CH.""FRUIT""",FRUIT,,Works,https://site.acornatom.nl/boeken/atomic-machine-code.pdf
587,V5,Books,ECCE Prods,Index,Educational,,,,,,,,,,present,,ECCE,8200,*RUN INDEX,INDEX,,Works,https://site.acornatom.nl/boeken/atomic-machine-code.pdf
588,V5,Books,ECCE Prods,Key Scan,Educational,,,,,,,,,,present,,ECCE,8200,"CH.""KEYSCAN""",KEYSCAN,,Works,https://site.acornatom.nl/boeken/atomic-machine-code.pdf
589,V5,Books,ECCE Prods,Long Strings,Educational,,,,,,,,,,present,,ECCE,8200,"CH.""LONGSTR""",LONGSTR,,Works,https://site.acornatom.nl/boeken/atomic-machine-code.pdf
590,V5,Books,ECCE Prods,Menu,Educational,,,,,,,,,,present,,ECCE,8200,*LOAD MENU,MENU,,Broken - need the book understand,https://site.acornatom.nl/boeken/atomic-machine-code.pdf
591,V5,Books,ECCE Prods,On Error,Educational,,,,,,,,,,present,,ECCE,8200,*LOAD ONERROR,ONERROR,,Broken - need the book understand,https://site.acornatom.nl/boeken/atomic-machine-code.pdf
592,V5,Books,ECCE Prods,Read/Data/Restore,Educational,,,,,,,,,,present,,ECCE,8200,*LOAD READDAT,READDAT,,Broken - need the book understand,https://site.acornatom.nl/boeken/atomic-machine-code.pdf
593,V5,Books,ECCE Prods,Record Test,Educational,,,,,,,,,,present,,ECCE,8200,"CH.""RECTST""",RECTST,,Works,https://site.acornatom.nl/boeken/atomic-machine-code.pdf
594,V5,Books,ECCE Prods,Record Verify,Educational,,,,,,,,,,present,,ECCE,8200,"CH.""RECVER""",RECVER,,Works,https://site.acornatom.nl/boeken/atomic-machine-code.pdf
595,V5,Books,ECCE Prods,Renumber,Educational,,,,,,,,,,present,,ECCE,8200,"CH.""RENUM""",RENUM,,Works,https://site.acornatom.nl/boeken/atomic-machine-code.pdf
596,V5,Books,ECCE Prods,Search Lines,Educational,,,,,,,,,,present,,ECCE,8200,"*LOAD SEARCH
RUN",SEARCH,,Works,https://site.acornatom.nl/boeken/atomic-machine-code.pdf
597,V5,Books,ECCE Prods,Transfer Test,Educational,,,,,,,,,,present,,ECCE,8200,"CH.""TRANSF""",TRANSF,,Works,https://site.acornatom.nl/boeken/atomic-machine-code.pdf
598,V5,Books,ECCE Prods,Write Mode 4 (e),Educational,,,,,,,,,,present,,ECCE,8200,*RUN WRTMODE4,WRTMODE4,,Broken - corrupt,https://site.acornatom.nl/boeken/atomic-machine-code.pdf
599,V5,Non Comm,Non Comm,BBC Lister,Utility,,,,,,,,,,present,,NC,8200,"CH.""BBCLIST""",BBCLIST,,"Works, but needs bbc prog as 8218",
604,V5,Magazines,Your Computer,Easy Atom Codes,Utility,,,,,,,,,,present,,YC,8200,"CH.""ERRDEMO""","ERRDEMO
ERRPROG
ERRTAB",,Works,
606,V5,Comm,Prog Power,Mode 4 VDU (2900),Utility,,,,,,,,,,present,R.M.P. Hanson,PP,8200,*RUN VDU29,VDU29,,Works,
607,V5,Comm,Prog Power,Mode 4 VDU (3400),Utility,,,,,,,,,,present,R.M.P. Hanson,PP,8200,*RUN VDU34,VDU34,,Works,
608,V5,Comm,Psion,Screen Copy - EPS3B,Utility,,,,,,,,,,present,,PSI,8200,*RUN EPS3B,EPS3B,,Works - but need printer to test,
609,V5,Comm,Psion,Screen Copy - EPS28,Utility,,,,,,,,,,present,,PSI,8200,*RUN EPS28,EPS28,,Works - but need printer to test,
610,V5,Comm,Psion,Screen Copy - EPSCOPY,Utility,,,,,,,,,,present,,PSI,8200,"CH.""EPSCOPY""",EPSCOPY,,Works,
611,V5,Comm,Psion,Screen Copy - GP3B,Utility,,,,,,,,,,present,,PSI,8200,*RUN GP3B,GP3B,,Works - but need printer to test,
612,V5,Comm,Psion,Screen Copy - GP28,Utility,,,,,,,,,,present,,PSI,8200,*RUN GP28,GP28,,Works - but need printer to test,
613,V5,Comm,Psion,Screen Copy - GPCOPY,Utility,,,,,,,,,,present,,PSI,8200,"CH.""GPCOPY""",GPCOPY,,Works,
614,V5,Comm,Hopesoft,PS2A Sample Adventure,Language,,,,,,,,,,present,,HS,8200,"*LOAD PROG
*RUN PS2A
","PROG
PS2A",,Works,
615,V8B1,Modern,Retro S/W,Repton,Game,RS Colour,32K+6K,Yes,,,,,,JoyMMC,present,,RS/REPTON,8200,*RUN REPTON,"LOADER
REPSCR
REPTON",,Works,
616,V5,Non Comm,Non Comm,Lost Gold,Adventure,,32K+6K,,Yes,No,No,,,,present,,OTHER,8200,"CH.""ADVLDG""",ADVLDG,,Works,
617,V6,Modern,Non Comm,Reptune (#BDC0),Music,SID,,,,,,,,,present,,SID/ATOMSID,8200,*RUN REPTUNE,REPTUNE,,Works,
618,V6,Modern,Non Comm,SidTest (#BDC0),Music,SID,,,,,,,,,present,,SID/ATOMSID,8200,"CH.""SIDTEST""",SIDTEST,,Works,
619,V6,Modern,Non Comm,AtomSID (#BDC0),Music,SID,32K+6K,,,,,,,,present,,SID/ATOMSID,2900,*RUN SIDMENU,"AXELF
BLADERU
BLUESBR
CHARIOT
GHOST
GREATES
JUNGLEB
LIONKIN
SIDMENU
MIDNIGH
ROCKY
TERMINA
TITANIC
TOPGUN
WIZARDO",,Works,
620,V6,Modern,Non Comm,HubPlay (#9FC0),Music,SID,,,,,,,,,present,,SID/DAVESID,8200,*RUN HUBPLAY,HUBPLAY,,Works,
621,V6,Modern,Non Comm,Reptune (#9FC0),Music,SID,,,,,,,,,present,,SID/DAVESID,8200,*RUN REPTUNE,REPTUNE,,Works,
622,V6,Modern,Non Comm,SidTest (#9FC0),Music,SID,,,,,,,,,present,,SID/DAVESID,8200,"CH.""SIDTEST""",SIDTEST,,Works,
623,V6,Modern,Non Comm,AtomSID (#9FC0),Music,SID,32K+6K,,,,,,,,present,,SID/DAVESID,2900,*RUN SIDMENU,"AXELF
BLADERU
BLUESBR
CHARIOT
GHOST
GREATES
JUNGLEB
LIONKIN
SIDMENU
MIDNIGH
ROCKY
TERMINA
TITANIC
TOPGUN
WIZARDO",,Works,
624,V6,Modern,Non Comm,BeebSID01 Bill Carr,Music,SID,32K+6K,,,,,,,,present,,SID/ATMSID1,2900,*RUN SIDMENU,"4X4
BATMAN
CHRDN
CNFZN
COOPDMO
COW
ONEMAN
SIDMENU
SWEET
SYS4096
THRUST
URIDIUM
VISAGE
",,Works,
625,V6,Modern,Non Comm,BeebSID02 BBC Games,Music,SID,32K+6K,,,,,,,,present,,SID/ATMSID2,2900,*RUN SIDMENU,"BUBBLEB
FIRETRA
HOPPER1
HOPPER3
JETSETW
MANICMI
MREEAAA
NIFTYLI
NUTCRAK
PENGOAA
REPTONA
SABREWU
SIDMENU
WAYOFTH",,Works,
626,V6,Modern,Non Comm,BeebSID03 The 80s,Music,SID,32K+6K,,,,,,,,present,,SID/ATMSID3,2900,*RUN SIDMENU,"ALWAYSO
AXELFAA
BILLIEJ
CARELES
DOTHEYK
ENOLAGA
IJUSTCA
MOONLIG
RELAXAA
SEEYOUA
SEXPRES
SIDMENU
SWEETDR
TAKEMYB
THEFINA
TOGETHE",,Works,
627,V6,Modern,Non Comm,BeebSID04 The Beatles,Music,SID,32K+6K,,,,,,,,present,,SID/ATMSID4,2900,*RUN SIDMENU,"ALLYOUN
COMETOG
ELEANOR
HERECOM
LADYMAD
LUCYINT
MICHELL
OBLADIO
OCTOPUS
SGTPEPP
SIDMENU
STRAWBE
WHENIM6
WITHALI
YELLOWS
YESTERD",,Works,
628,V6,Modern,Non Comm,BeebSID05 Movies,Music,SID,32K+6K,,,,,,,,present,,SID/ATMSID5,2900,*RUN SIDMENU,"BLADERU
BLUESBR
CHARIOT
GHOSTBU
GREATES
HALLOWE
JUNGLEB
LIONKIN
MIDNIGH
NEVEREN
ROCKYAA
SIDMENU
TERMINA
TITANIC
TOPGUNA
WIZARDO",,Works,
629,V6,Modern,Non Comm,BeebSID06 Madonna,Music,SID,32K+6K,,,,,,,,present,,SID/ATMSID6,2900,*RUN SIDMENU,"DEEPERA
FROZENA
HOLIDAY
INTOTHE
LAISLAB
LIKEAPR
LIKEAVI
LUCKYST
MATERIA
PAPADON
RAYOFLI
SIDMENU
SPOTLIG
THISUSE
WHOSTHA
YOULLSE",,Works,
630,V6,Modern,Non Comm,BeebSID07 XMAS Time,Music,SID,32K+6K,,,,,,,,present,,SID/ATMSID7,2900,*RUN SIDMENU,"ANIOLPA
DECKTHE
DOTHEYK
FAIRYTA
GODBLES
INDULCI
JINGLEB
JOYTOTH
LASTCHR
LITTLED
MARYSBO
OCHRIST
OHCOMEA
RUDOLPH
SANTACL
SIDMENU
SILENTN
WALKING
WEWISHY
WHITECH",,Works,
631,V6,Modern,Non Comm,BeebSID08 Queen,Music,SID,32K+6K,,,,,,,,present,,SID/ATMSID8,2900,*RUN SIDMENU,"SIDMENU
1973SEV
1975BOH
1977AWE
1977BWE
1979CRA
1980ASA
1980BAN
1980DFL
1981UND
1984ARA
1984BIW
1986AKI
1986WHO
1989SCA
1991THE",,Works,
632,V6,Modern,Non Comm,BeebSID09 1981,Music,SID,32K+6K,,,,,,,,present,,SID/ATMSID9,2900,*RUN SIDMENU,"01IMAGI
01LOSPA
02FADET
02INTHE
03CHARI
03JEALO
04COMPU
04MAKIN
06RAIDE
07MEMOR
07NOWOM
08JAPAN
09TAINT
10ITSMY
10JUSTC
11EVERY
11JOANO
11UNDER
12CAMBO
12DONTY
SIDMENU",,Works,
633,V6,Modern,Non Comm,BeebSID10 Olympics,Music,SID,32K+6K,,,,,,,,present,,SID/ATMSID10,2900,*RUN SIDMENU,"01GODSA
02JAMES
03TUBUL
04INDUL
05CHARI
50WONDE
61SHELO
70BOHEM
80ENOLA
82SWEET
85RELAX
90BLUEM
92ABIDE
93WESTE
94STAYI
98COMET
99HEYJU
SIDMENU",,Works,
634,V6,Modern,Non Comm,BeebSID11 Telly,Music,SID,32K+6K,,,,,,,,present,,SID/ATMSID11,2900,*RUN SIDMENU,"ADDAMSF
AUFWIED
BACARDI
BENNYHI
BLACKAD
BLUEPET
CAPTAIN
DADSARM
DALLASA
DRWHOAA
EASTEND
FLINTST
HUXLEYP
JULIETB
MAGICRO
MATCHOF
MISSION
MONTYPY
PERSUAD
PINGUAA
PINKPAN
POSTMAN
SIDMENU
SOOTYAN
STARTRE
THOMAST
WOMBLES",,Works,
635,V6,Modern,Non Comm,BeebSID12 Jarre,Music,SID,32K+6K,,,,,,,,present,,SID/ATMSID12,2900,*RUN SIDMENU,"01OXYGE
02EQUIN
03MAGNE
04ZOOLO
05ZOOLO
06FOURT
07REVOL
08REVOL
09WAITI
10CHRON
SIDMENU",,Works,
636,V6,Modern,Non Comm,BeebSID13 Jackson,Music,SID,32K+6K,,,,,,,,present,,SID/ATMSID13,2900,*RUN SIDMENU,"82ABILL
82BBEAT
83AWANN
83BSAYS
84THRIL
85WEARE
87BADAA
87THEWA
88ADIRT
88BANOT
88CSMOO
89ALEAV
89BLIBE
91BLACK
92HEALT
93GIVEI
SIDMENU
",,Works,
637,V6,Modern,Non Comm,XMAS SID (#BDC0),Music,SID,32K+6K,,,,,,,,present,,SID/XMASSID,2900,*RUN VU-MENU,"DOKNOW
JINGLE
JOHNXMAS
LAST
MARY
MERRY
RUDOLPH
SANTA
TREE
VU-MENU
WAROVER
WHITE",,Works,
638,V6,ROMS,A&F S/W,A&F Utilikit,Utility,,,,,,,,,,present,,ROMS/AF/UTILITY,8200,"PRINT TO INITIALIZE: COLD
PRINT FOR HELP: SEE MANUAL
*LOAD 7261 8800",7261,,Works,
639,V6,ROMS,Acornsoft,Atom Calc,Business,,,,,,,,,,present,,ROMS/ACORN/CALC,8200,"PRINT INITIALIZATION: AUTOMATIC
PRINT TO RUN: CALC
PRINT FOR HELP: SEE MANUAL
*LOAD B1C5 8800",B1C5,,Works,
640,V6,ROMS,Acornsoft,Atom Demo,Graphics,,,,,,,,,,present,,ROMS/ACORN/DEMO,8200,"PRINT TO RUN: RUN
?18=160
*LOAD BANNER
*LOAD 49F5 8800","BANNER
49F5",,Works,
641,V6,ROMS,Acornsoft,Word Pack,Business,,,,,,,,,,present,,ROMS/ACORN/WORD,8200,"PRINT INITIALIZATION: AUTOMATIC
PRINT TO RUN: EDIT
PRINT FOR HELP: SEE MANUAL
*LOAD B326 8800",B326,,Works,
642,V6,ROMS,Acornsoft,Word Pack - ED64,Business,,,,,,,,,,present,,ROMS/ACORN/ED64,8200,"PRINT INITIALIZATION: AUTOMATIC
PRINT TO RUN: ED64
PRINT FOR HELP: SEE MANUAL
*LOAD B0F1 8800",B0F1,,Works,
643,V6,ROMS,Acornsoft,Word Pack - ED80,Business,,,,,,,,,,broken,,ROMS/ACORN/ED80,8200,"PRINT INITIALIZATION: AUTOMATIC
PRINT TO RUN: EDIT
PRINT FOR HELP: SEE MANUAL
*LOAD CEFA 8800",CEFA,,Fails; need 80 Column VDU Board,
644,V6,ROMS,Non Comm,AEK Monitor ROM,Utility,,,,,,,,,,present,Alan Knowles,ROMS/AEK/MONITOR,8200,"PRINT TO INITIALIZE: LINK #A7C7
PRINT TO RUN: *BRK
PRINT FOR HELP: SEE MANUAL
*LOAD 9243 8800",9243,,Works,
645,V6,ROMS,Non Comm,AEK Screen ROM,Utility,,,,,,,,,,present,Alan Knowles,ROMS/AEK/SCREEN,8200,"PRINT TO INITIALIZE: COLD
PRINT FOR HELP: SEE MANUAL
*LOAD 1201 8800",1201,,Works,
646,V6,ROMS,Non Comm,Salfaa,Language,,,,,,,,,,present,B.Poot/J.Jobse,ROMS/NC/SALFAA,8200,"PRINT INITIALIZATION: AUTOMATIC
PRINT FOR COMMANDS: SALFAA
PRINT FOR HELP: SEE MANUAL
*LOAD 9F75 8800",9F75,,Works,
647,V6,ROMS,Non Comm,Combox,Utility,,,,Yes,No,No,,,,present,Bram Poot,ROMS/NC/COMBOX,8200,"PRINT INITIALIZATION: AUTOMATIC
PRINT FOR COMMANDS: COMBOX
PRINT FOR HELP: SEE MANUAL
*LOAD 54D4 8800",54D4,,Works,
648,V6,ROMS,ECD,AXR1,Utility,,,,,,,,,,present,,ROMS/NC/AXR1,8200,"PRINT INITIALIZATION: AUTOMATIC
PRINT FOR HELP: SEE MANUAL
*LOAD CCEB 8800",CCEB,,Works,
649,V6,ROMS,Non Comm,Disk ROM,Utility,,,,,,,,,,present,Frans le Blanc,ROMS/NC/DISKROM,8200,"PRINT INITIALIZATION: AUTOMATIC
PRINT FOR HELP: SEE MANUAL
*LOAD B2F9 8800",B2F9,,Works,
650,V6,ROMS,Non Comm,P-Charme,Language,,,,,,,,,,present,Frans van Hoesel,ROMS/NC/PCHARME,8200,"PRINT INITIALIZATION: AUTOMATIC
PRINT FOR HELP: SEE MANUAL
*LOAD C16B 8800",C16B,,Works,
651,V6,ROMS,Non Comm,ACE 2.0,Utility,,,,,,,,,,present,G. Brandhof,ROMS/NC/ACE20,8200,"PRINT INITIALIZATION: AUTOMATIC
PRINT FOR HELP: SEE MANUAL
*LOAD E1FB 8800",E1FB,,Works,
652,V6,ROMS,Non Comm,ACE 2.2,Utility,,,,,,,,,,present,G. Brandhof,ROMS/NC/ACE22,8200,"PRINT INITIALIZATION: AUTOMATIC
PRINT FOR HELP: SEE MANUAL
*LOAD 97BE 8800",97BE,,Works,
653,V6,ROMS,Non Comm,ACE 3.0,Utility,,,,,,,,,,present,G. Brandhof,ROMS/NC/ACE30,8200,"PRINT INITIALIZATION: AUTOMATIC
PRINT FOR HELP: SEE MANUAL
*LOAD 2BBB 8800",2BBB,,Works,
654,V6,ROMS,Non Comm,Gags,Utility,,,,,,,,,,present,Gerrit Hillebrand,ROMS/NC/GAGS,8200,"PRINT INITIALIZATION: AUTOMATIC
PRINT FOR VERSION: GAGS
PRINT FOR HELP: SEE MANUAL
*LOAD 9F4C 8800",9F4C,,Works,
655,V6,ROMS,Non Comm,JosBox,Utility,,,,,,,,,,present,Jos Horsmeijer,ROMS/NC/JOSBOX,8200,"PRINT INITIALIZATION: AUTOMATIC
PRINT FOR HELP: SEE MANUAL
*LOAD 6206 8800",6206,,Works,
656,V6,ROMS,Non Comm,Atomic Windows,Graphics,,,,,,,,,,present,Kees van Oss,ROMS/NC/ATOMICW,8200,"PRINT INITIALIZATION: AUTOMATIC
PRINT FOR VERSION: AW
PRINT FOR HELP: SEE MANUAL
*LOAD 4234 8800",4234,,Works,
657,V6,ROMS,Non Comm,SDROM 2,Utility,,,,,,,,,,present,Kees van Oss,ROMS/NC/SDROM2,8200,"PRINT TO INITIALIZE: SDDOS
PRINT FOR HELP: SEE MANUAL
*LOAD 17C8 8800",17C8,,"Works, but needs VIA interface",
658,V6,ROMS,Non Comm,SDROM 3,Utility,,,,,,,,,,present,Kees van Oss,ROMS/NC/SDROM3,8200,"PRINT TO INITIALIZE: SDDOS
PRINT FOR HELP: SEE MANUAL
*LOAD CEE2 8800",CEE2,,Works,
659,V6,ROMS,Prog Power,PP Toolbox,Utility,,,,,,,,,,present,,ROMS/PP/TOOLBOX,8200,"PRINT TO INITIALIZE: LINK #AF00
PRINT FOR HELP: SEE MANUAL
*LOAD 6C9E 8800",6C9E,,Works,
660,V6,ROMS,Prog Power,PP Super Basic,Language,,,,,,,,,,present,,ROMS/PP/SUPERB,8200,"PRINT TO INITIALIZE: LINK #AF00
PRINT FOR HELP: SEE MANUAL
*LOAD B1BD 8800",B1BD,,Works,
661,V6,ROMS,Procyon,DisAtom Super ROM,Utility,,,,,,,,,,present,,ROMS/PROCYON/DISATOM,8200,"PRINT INITIALIZATION: AUTOMATIC
PRINT FOR HELP: SEE MANUAL
*LOAD 7049 8800",7049,,Works,
662,V6,ROMS,Psion,Psion Debug,Utility,,,,,,,,,,present,,ROMS/PSION/DEBUG,8200,"PRINT INITIALIZATION: AUTOMATIC
PRINT TO RUN: DEBUG
PRINT NO MANUAL EXISTS
*LOAD 0160 8800","0160
",,Works,
663,V6,ROMS,Psion,Psion Edit,Utility,,,,,,,,,,present,,ROMS/PSION/EDIT,8200,"PRINT INITIALIZATION: AUTOMATIC
PRINT TO RUN: EDIT
PRINT NO MANUAL EXISTS
*LOAD 129F 8800",129F,,Works,
664,V6,ROMS,Ross S/W,Ross Utility,Utility,,,,,,,,,,present,,ROMS/ROSS/UTILITY,8200,"PRINT TO INITIALIZE: LINK 44992
PRINT FOR HELP: SEE MANUAL
*LOAD 4B99 8800",4B99,,Works,
665,V6,ROMS,Watford Elec,WE-ROM,Utility,,,,,,,,,,present,,ROMS/WATFORD/WEROM,8200,"PRINT INITIALIZATION: AUTOMATIC
PRINT FOR HELP: SEE MANUAL
*LOAD F545 8800",F545,,Works,
666,V6,ROMS,Willow S/W,Willow Utility,Utility,,,,,,,,,,present,,ROMS/WILLOW/UTILITY,8200,"PRINT TO INITIALIZE: LINK #A000
PRINT FOR HELP: SEE MANUAL
*LOAD F315 8800",F315,,Works,
667,V10B5,ROMS,Non Comm,MouseBox,Utility,,,,,,,,,,present,Wouter Ras,ROMS/NC/MOUSEBOX,8200,"PRINT INITIALIZATION: AUTOMATIC
PRINT FOR COMMANDS: MDBOX
PRINT FOR HELP: SEE MANUAL
*LOAD 9496 8800",9496,,"Broken - commands work, but crash/corrupt",
668,V6,Modern,Acornsoft,BBC Basic II,Language,,32K+6K,,,,,,,,present,,BBC,8200,*RUN ATBASIC2,ATBASIC2,,Works,
669,V6,ROMS,Non Comm,Atomic Windows 1.2 BD,Graphics,,,,,,,,,,present,Kees van Oss,ROMS/NC/ATOMICW,8200,"PRINT INITIALIZATION: AUTOMATIC
PRINT FOR VERSION: AW
PRINT FOR HELP: SEE MANUAL
*LOAD 7D81 8800",7D81,,Works,
670,V6,Modern,Non Comm,GODIL Scroll Demo 1,Graphics,GODIL,,,,,,,,,present,David Banks,GODIL,8200,"CH.""SCROLL1""",SCROLL1,,Works,
671,V6,Modern,Non Comm,GODIL Scroll Demo 2,Graphics,GODIL,,,,,,,,,present,David Banks,GODIL,8200,"CH.""SCROLL2""",SCROLL2,,Works,
672,V6,Modern,Non Comm,GODIL 80x40 Demo,Graphics,GODIL,,,,,,,,,present,David Banks,GODIL,8200,"CH.""DEMO""",DEMO,,Works,
673,V6,Non Comm,Non Comm,Bombs Away,Game,,,,,,,,,,present,,NC,8200,"CH.""BOMBS""",BOMBS,,Works,
674,V6,Non Comm,Non Comm,Desert,Game,,,,,,,,,,present,,NC,8200,"CH.""DESERT""",DESERT,,Works,
675,V6,Non Comm,Non Comm,Duck,Game,,32K+6K,,Yes,Yes,Yes,,,,present,Roland Leurs,NC,8200,"CH.""DUCK""",DUCK,,Works,
676,V6,Non Comm,Non Comm,Jet,Game,,,,,,,,,,present,Boede Hommel,NC,8200,"CH.""JET""",JET,,Works,
679,V8B1,Modern,Retro S/W,Joe Blade,Game,RS Mono,32K+6K,,,,,,,JoyMMC,present,Kees van Oss,RS/JOE,8200,*RUN JOE,"JOE
JOECODE
PANEL1
SCRE",,Works,
680,V6,Non Comm,Non Comm,3-2-1,Game,Mainwaring,,,,,,,,,present,Phil Mainwaring,NC,8200,"CH.""3-2-1""",3-2-1,,Works,
681,V6,Non Comm,Non Comm,X-Wing Attack,Game,Mainwaring,,Yes,,,,,,,present,Phil Mainwaring,NC,8200,"CH.""X-WING""",X-WING,,Works,
682,V6,Non Comm,Non Comm,Robot Nim,Game,Mainwaring,,,,,,,,,present,Phil Mainwaring,NC,8200,"CH.""ROBOTNIM""",ROBOTNIM,,Works,
683,V7B2,Magazines,Your Computer,Atom Quest,Adventure,,,Yes,No,No,No,,,,present,,YC,2800,"*LOAD QUESTDA 8200
CH.""QUEST""","QUEST
QUESTDA",,Works,
684,V6,Comm,ECD,Moonlander,Game,,,Yes,,,,,,,present,,OTHER,8200,"CH.""MOONLAN""",MOONLAN,,Works,
685,,Comm,Pro Software,Space Adventure,Game,,,,,,,,,,missing,,,,,,,"Advert in Personal Computing Today, Nov 82",
686,,Comm,Pro Software,Reversi,Game,,,,,,,,,,missing,,,,,,,"Advert in Personal Computing Today, Nov 82",
687,,Comm,Pro Software,3D Labyrinth,Game,,,,,,,,,,missing,,,,,,,"Advert in Personal Computing Today, Nov 82",
688,,Comm,Pro Software,Air Strike,Game,,,,,,,,,,missing,,,,,,,"Advert in Personal Computing Today, Nov 82",
689,,Comm,Pro Software,Chase,Game,,,,,,,,,,missing,,,,,,,"Advert in Personal Computing Today, Nov 82",
690,,Comm,Pro Software,Road Race,Game,,,,,,,,,,missing,,,,,,,"Advert in Personal Computing Today, Nov 82",
691,V7B3,Modern,Retro S/W,TCCOTMV (32),Adventure,Quill,32K+6K,,,,,,,,present,Stuart,QUILL/TCC,2900,"*LOAD DB32
*RUN QLUC32","DB32
QLUC32",,Works,
692,V7B3,Modern,Retro S/W,TCCOTMV (40),Adventure,Quill,32K+6K,,,,,,,,present,Stuart,QUILL/TCC,2900,"*RUN VDU2440
*LOAD DB40
*RUN QLLC40","VDU2440
DB40
QLLC40",,Works,
693,V7B1,Modern,Larsoft,Hex (32),Adventure,Quill,32K+6K,,,,,,,,present,Geoff Larsen,QUILL/HEX,2900,"*LOAD DB32
*RUN QLUC32","DB32
QLUC32",,Works,
694,V7B2,Modern,Larsoft,Hex (40),Adventure,Quill,32K+6K,,,,,,,,present,Geoff Larsen,QUILL/HEX,2900,"*RUN VDU2440
*LOAD DB40
*RUN QLLC40","VDU2440
DB40
QLLC40",,Works,
695,V7B1,Modern,Lee S/W,Atahaulpa Part 1 (32),Adventure,Quill,32K+6K,,,,,,,,present,Anthony Lee,QUILL/SRCH1,2900,"*LOAD DB32
*RUN QLUC32","DB32
QLUC32",,Works,
696,V7B2,Modern,Lee S/W,Atahaulpa Part 1 (40),Adventure,Quill,32K+6K,,,,,,,,present,Anthony Lee,QUILL/SRCH1,2900,"*RUN VDU2440
*LOAD DB40
*RUN QLLC40","VDU2440
DB40
QLLC40",,Works,
697,V7B1,Modern,Lee S/W,Atahaulpa Part 2 (32),Adventure,Quill,32K+6K,,,,,,,,present,Anthony Lee,QUILL/SRCH2,2900,"*LOAD DB32
*RUN QLUC32","DB32
QLUC32",,Works,
698,V7B2,Modern,Lee S/W,Atahaulpa Part 2 (40),Adventure,Quill,32K+6K,,,,,,,,present,Anthony Lee,QUILL/SRCH2,2900,"*RUN VDU2440
*LOAD DB40
*RUN QLLC40","VDU2440
DB40
QLLC40",,Works,
699,V7B1,Comm,Prog Power,Invasion,Game,,,,,,,,,,present,T.M.Millar,PP,8200,"?18=40
CH.""INVAS""","INVAS
INVASIN",,Works,
700,V11B5,Modern,Non Comm,GODIL OSWRCH80,Graphics,GODIL,32K+6K,,,,,,,,present,David Banks,GODIL,8200,*RUN OSWRCH80,OSWRCH80,,Works,
701,V7B2,Comm,ASP S/W,The White Barrows,Adventure,,,,,,,,,,present,,ASP,8200,"CH.""WHITEBA""",WHITEBA,,Works,
702,V7B2,Modern,Non Comm,Kraftwerk (SID),Music,Mainwaring,32K+6K,,,,,,,,present,Phil Mainwaring,SID/KRFTWRK,8200,"CH.""LOADER""","KRFTWRK
CMPWRLD
SIDPLAY
LOADER",,Works,
703,V7B2,Modern,Non Comm,Mandelbrot,Graphics,Mainwaring,,Yes,,,,,,,present,Phil Mainwaring,NC/MSAA,8200,"CH.""MSDISP""","MSC3A
MSC3AD
MSC3AL
MSC3ALD
MSC4L
MSC4LD
MSC4LS
MSC4LSD
MSC4M
MSC4MD
MSC4MS
MSC4MSD
MSCYCLE
MSDISP",,Works,
704,,Comm,A&F S/W,Atomic Cube,,,,,,,,,,,missing,,,,,,,,
705,,Comm,A&F S/W,Escape,,,,,,,,,,,missing,,,,,,,,
706,,Comm,Bug Byte,Dodgems,,,,,,,,,,,missing,,,,,,,,
707,,Comm,Bug Byte,Snake,,,,,,,,,,,missing,,,,,,,,
708,,Comm,Bug Byte,1-Key Basic,,,,,,,,,,,missing,,,,,,,,
709,,Comm,Bug Byte,Stock Market,,,,,,,,,,,missing,,,,,,,,
710,V9B1,Comm,A&F S/W,Missile Command,Game,,,,,,,,,,present,,AF,8200,"CH.""MISSILE""",MISSILE,,Works,
711,V7B2,Comm,A&F S/W,Polaris,Game,,,,,,,,,,present,,AF,8200,"CH.""POLARIS""",POLARIS,,Works,
712,,Comm,A&F S/W,Pontoon,,,,,,,,,,,missing,,,,,,,,
713,,Comm,Computersmith,Financial Year,Game,,,,,,,,,,missing,,,,,,,,
714,,Comm,Computersmith,Stock Market,Game,,,,,,,,,,missing,,,,,,,,
715,V7B2,Magazines,Your Computer,Real-Time Clock,Utility,,,,,,,,,,present,Kamal Jabbour,YC,8200,"CH.""CLOCK""",CLOCK,,Works,
716,V7B2,Magazines,Your Computer,Graph Char,Utility,,,,,,,,,,present,A. F. Burgin,YC,8200,"CH.""GRAPHCH""",GRAPHCH,,Works,
717,V7B2,Magazines,Comp Today,GRAF-RITE,Utility,,,,,,,,,,present,Bruce F. Smith,CT,8200,"CH.""GRAFRITE""",GRAFRITE,,Works,
718,V7B2,Magazines,PCW,HiRes Print,Utility,,,,,,,,,,present,Christopher Cant,PCW,8200,"CH.""HIRES""",HIRES,,Works,
719,V7B2,Magazines,Acorn User,Morse,Utility,,,,,,,,,,present,,AU,8200,"CH.""MORSE""",MORSE,,Works,
720,V7B2,Non Comm,Non Comm,3D Maze,Game,Arcadian Tapes,,Yes,,,,,,,present,,TAPES/001A,8200,"CH.""MAZE""",MAZE,,Works,
721,V7B2,Non Comm,Non Comm,Owl,Graphics,Arcadian Tapes,,,,,,,,,present,,TAPES/001A,8200,"CH.""OWL""",OWL,,Works,
722,V7B2,Non Comm,Non Comm,Pelmanism,Game,Arcadian Tapes,,,,,,,,,present,,TAPES/001A,8200,"CH.""PELMANI""",PELMANI,,Needs Fixing,
723,V7B2,Non Comm,Non Comm,Reversal,Game,Arcadian Tapes,,,,,,,,,present,,TAPES/002A,8200,"CH.""REVERSA""",REVERSA,,Works,
724,V7B2,Non Comm,Non Comm,Sketchpad,Graphics,Arcadian Tapes,,,,,,,,,present,,TAPES/002A,8200,"CH.""SKETCHP""",SKETCHP,,Works,
725,V7B2,Non Comm,Non Comm,Graphics Demos,Graphics,Arcadian Tapes,,Yes,,,,,,,present,,TAPES/006B,8200,"CH.""GRAPHIC""",GRAPHIC,,Works,
726,V7B2,Non Comm,Non Comm,3D OXO,Game,Arcadian Tapes,,,,,,,,,present,,TAPES/009B,8200,"CH.""3DOXO""",3DOXO,,Works,
727,V7B2,Non Comm,Non Comm,Life,Simulation,Arcadian Tapes,,,,,,,,,present,,TAPES/011A,8200,"CH.""LIFEMC""",LIFEMC,,Works,
728,V7B2,Non Comm,Non Comm,Fighter,Game,Arcadian Tapes,,,,,,,,,present,,TAPES/013A,8200,"CH.""FIGHTER""",FIGHTER,,Works,
729,V7B2,Non Comm,Non Comm,Spiroprint,Graphics,Arcadian Tapes,,Yes,,,,,,,present,,TAPES/022A,8200,"CH.""SPIROPR""",SPIROPR,,Works,
730,V7B2,Non Comm,Non Comm,Air Raid,Game,Arcadian Tapes,,,,,,,,,present,,TAPES/023A,8200,"CH.""AIRRAID""",AIRRAID,,Works,
731,V7B2,Non Comm,Non Comm,Camel,Game,Arcadian Tapes,,,,,,,,,present,,TAPES/023A,8200,"CH.""CAMEL""",CAMEL,,Works,
732,V7B2,Non Comm,Non Comm,Depth Charge,Game,Arcadian Tapes,,,,,,,,,present,,TAPES/023A,8200,"CH.""DEPTHCH""",DEPTHCH,,Works,
733,V7B2,Non Comm,Non Comm,Fighter,Game,Arcadian Tapes,,,,,,,,,present,,TAPES/023A,8200,"CH.""FIGHTER""",FIGHTER,,Works,
734,V7B2,Non Comm,Non Comm,Spirograph,Graphics,Arcadian Tapes,,Yes,,,,,,,present,,TAPES/030A,8200,"CH.""SPIROGR""",SPIROGR,,Works,
735,V7B2,Non Comm,Non Comm,War Fish,Game,Arcadian Tapes,,,,,,,,,present,,TAPES/034A,8200,"CH.""WARFISH""",WARFISH,,Works,
736,V7B2,Non Comm,Non Comm,Car Maze,Game,,,,,,,,,,present,,NC,8200,"CH.""CARMAZE""",CARMAZE,,Works,
737,V7B2,Non Comm,Non Comm,Plane and Tank Battle,Game,,,,,,,,,,present,,NC,8200,"CH.""TANKBAT""",TANKBAT,,Works,
738,V7B2,Non Comm,Non Comm,Space Zap,Game,,,,,,,,,,present,,NC,8200,"CH.""SPACZAP""",SPACZAP,,Works,
739,V7B2,Non Comm,Non Comm,Stow Away,Game,,,,,,,,,,present,,NC,8200,"CH.""VERSTEK""",VERSTEK,,Works,
740,V7B3,Magazines,Your Computer,Atomic Space battle,Game,,,,,,,,,,present,,YC,8200,"CH.""SBATTL""",SBATTL,,Works,
741,V7B3,Magazines,Your Computer,Atom Art,Graphics,,,,,,,,,,present,,YC,8200,"CH.""ATOMART""",ATOMART,,Works,
742,V7B3,Magazines,Your Computer,Atom Squash,Game,,,,,,,,,,present,,YC,8200,"CH.""SQUASH""",SQUASH,,Works,
743,V7B3,Magazines,Your Computer,Acorn Pilot,Game,,,,,,,,,,present,,YC,8200,"CH.""PILOTX""",PILOTX,,Works,
744,V7B3,Magazines,Your Computer,Forth Connection,Game,,,,,,,,,,present,,YC,8200,"CH.""CONNECT""",CONNECT,,Broken,
745,V13B1,Magazines,Your Computer,Rally Racer,Game,,,Yes,,,,,,,present,,YC,8200,"CH.""RALLY""",RALLY,,Test,
746,V7B3,ROMS,Non Comm,RX Box,Graphics,,,,,,,,,,present,,ROMS/NC/RXBOX,8200,"PRINT INITIALIZATION: AUTOMATIC
*LOAD 46E8 8800",46E8,,Works,
747,V7B3,Magazines,Acorn User,Screen Dump,Utility,,,,,,,,,,present,,AU,8200,"CH.""SCRDUMP""",SCRDUMP,,Works,
748,V7,Non Comm,Non Comm,Heads or Tails,Game,Mockford,,,,,,,,,present,Bob Mockford,BM,8200,"CH.""25COINS""",25COINS,,Works,
749,V7,Non Comm,Non Comm,Anagram,Game,Mockford,,,,,,,,,present,Bob Mockford,BM,8200,"CH.""ARGANAM""",ARGANAM,,Works,
750,V7,Non Comm,Non Comm,Battleships,Game,Mockford,,,,,,,,,present,Bob Mockford,BM,8200,"CH.""BATTLE""",BATTLE,,Works,
751,V7,Non Comm,Non Comm,The Box Game,Game,Mockford,,,,,,,,,present,Bob Mockford,BM,8200,"CH.""BOXGAME""",BOXGAME,,Works,
752,V7,Non Comm,Non Comm,UK Day Finder,Utility,Mockford,,,,,,,,,present,Bob Mockford,BM,8200,"CH.""DAYDATE""",DAYDATE,,Works,
753,V7,Non Comm,Non Comm,Digitz,Game,Mockford,,,,,,,,,present,Bob Mockford,BM,8200,"CH.""DIGITZ""",DIGITZ,,Works,
754,V7,Non Comm,Non Comm,Egyptian Arithmetic,Utility,Mockford,,,,,,,,,present,Bob Mockford,BM,8200,"CH.""EMATHS""",EMATHS,,Works,
755,V7,Non Comm,Non Comm,Decimal and Hexadecimal Conversion,Utility,Mockford,,,,,,,,,present,Bob Mockford,BM,8200,"CH.""HEXDEC""",HEXDEC,,Works,
756,V7,Non Comm,Non Comm,Higher or Lower,Game,Mockford,,,,,,,,,present,Bob Mockford,BM,8200,"CH.""HILO""",HILO,,Works,
757,V7,Non Comm,Non Comm,Any Month Calendar,Utility,Mockford,,,,,,,,,present,Bob Mockford,BM,8200,"CH.""MONTHS""",MONTHS,,Works,
758,V7,Non Comm,Non Comm,Random Numbers,Utility,Mockford,,,,,,,,,present,Bob Mockford,BM,8200,"CH.""RND2099""",RND2099,,Works,
759,V7,Non Comm,Non Comm,Roman Numerals,Utility,Mockford,,,,,,,,,present,Bob Mockford,BM,8200,"CH.""ROMAN""",ROMAN,,Works,
760,V7,Non Comm,Non Comm,"Rock, Scissors, Paper",Game,Mockford,,,,,,,,,present,Bob Mockford,BM,8200,"CH.""ROSCPA""",ROSCPA,,Works,
761,V7,Non Comm,Non Comm,Sub Hunt,Game,Mockford,,,,,,,,,present,Bob Mockford,BM,8200,"CH.""SUBHUNT""",SUBHUNT,,Works,
762,V7,Modern,Non Comm,BeebSID14 1982,Music,SID,32K+6K,,,,,,,,present,,SID/ATMSID14,2900,*RUN SIDMENU,"01THELA
02ILLFI
03THEMO
04GOLDE
05THELI
06HOUSE
06ONLYY
07DADAD
07DONTG
07FAMEA
08COMEO
09EYEOF
11MADWO
12OURHO
SIDMENU",,Works,
763,V7,Modern,Retro S/W,Flappy Bird,Game,RS Colour,32K+6K,,,,,,,,present,Kees van Oss,RS/FLAPPY,8200,*RUN FLAPPY,FLAPPY,,Works,
764,V7,Comm,Bearsoft,Frogger,Game,,,,,,,,,,present,,BS,8200,*RUN FROGGER,FROGGER,,Works,
765,V11B5,ROMS,Non Comm,FPGA Utils 0.28,Utility,,,,,,,,,,present,David Banks,ROMS/NC/FPGAUTIL,8200,"PRINT INITIALIZATION: AUTOMATIC
*LOAD DC8E 8800",DC8E,,Works,
766,V8B1,Modern,Non Comm,Dormann 6502 Tests,Utility,Test,32K+6K,,,,,,,,present,Klaus Dormann,NC/TEST,8200,*RUN D6502,D6502,,Works,
767,V8B1,Modern,Non Comm,Dormann 65C02 Tests,Utility,Test,32K+6K,,,,,,,,present,Klaus Dormann,NC/TEST,8200,*RUN D65C02,D65C02,,Works,
768,V8B1,Modern,Non Comm,6502 BCD Tests,Utility,Test,,,,,,,,,present,Bruce Clark,NC/TEST,8200,*RUN BCDTEST,BCDTEST,,Works,
769,V8B1,Modern,Retro S/W,Flappy Bird SID,Game,"RS Colour
SID",32K+6K,,,,,,,,present,Kees van Oss,RS/FLAPPYSD,8200,*RUN START,"FLAPPY
ANGRY
SIDPLAY
START",,Works,
770,V8B1,Comm,Bug Byte,Statistics 1,Utility,,,Yes,,,,,,,present,,BB,8200,"CH.""STATS1""",STATS1,,Works,
771,V8B1,Comm,Bug Byte,Statistics 2,Utility,,,Yes,,,,,,,present,,BB,8200,"CH.""STATS2""",STATS2,,Works,
772,V8B1,Comm,Bug Byte,Statistics 3,Utility,,,Yes,,,,,,,present,,BB,8200,"CH.""STATS3""",STATS3,,Works,
773,V8B1,Comm,Bug Byte,Statistics 4,Utility,,,Yes,,,,,,,present,,BB,8200,"CH.""STATS4""",STATS4,,Works,
774,V8B1,Non Comm,Non Comm,Gokkast 1,Game,,32K+8K,,,,,,,,present,,NC/GOKKAST1,8200,"CH.""GOKKAST""","CONTROL
GOKKAST
HO-LA
HO-NU
MACH-T
PICTURE
PUNTEN
SCHERM
VDU",,Works,
775,V8B1,Non Comm,Non Comm,Gokkast 2,Game,,32K+8K,,,,,,,,present,,NC/GOKKAST2,8200,"CH.""GKKST2""","2BASC28
2BASC65
2BASC98
2BONS68
2CONTRL
2MACH58
2POWER
2PUNTEN
2SCHM80
GKKST2
VDU",,Works,
776,V8B1,Non Comm,Non Comm,Smileys Fruit Machine,Game,,32K+6K,,Yes,No,No,,,,present,,NC/SMILEYS,8200,"CH.""FRUITMA""","2440VDU
CONTROL
DRAAI
FRUITMA
OMKEER
PUNTEN
SCHERM
SYMBOOL",,Works,
777,V8B1,Non Comm,Non Comm,Charon (Fn Keys),Utility,,,,,,,,,,present,,NC,8200,"CH.""CHARON""",CHARON,,Works,
778,V8B1,Non Comm,Non Comm,Speed Boat,Game,,,,No,No,Yes,,,,present,,NC,8200,"CH.""SPEBOAT""",SPEBOAT,,Works,
779,V8B1,Modern,Non Comm,Star Wars Asciimation,Graphics,GODIL,32K+6K,,,,,,,,present,,GODIL/SW,8200,"*LOAD PLAY800
*LOAD STARWARS
CH.""SW8""","SW8
SW1X.TXT
PLAY800
STARWARS",,Works,
780,V8B1,Non Comm,Non Comm,Duck-2,Game,,32K+6K,,Yes,Yes,Yes,,,,present,Roland Leurs,NC/DUCK2,8200,"CH.""DUCK-2""","DUCK-2
D2-EDIT
D2-SCR
D2-SPEL
D2-SPRI",,Works,
781,V8B2,Non Comm,Non Comm,Sokatom,Game,,32K+8K,,Yes,Yes,Yes,,,,present,Roland Leurs,NC/SOK,8200,"CH.""SOKATOM""","S-RESET
SCORE
SOKATOM
SOKBLD1
SOKBLD2
SOKBLD3
SOKEDIT
SOKSCR
SOKSPEL
SOKSPRI
SSCORE
SSOKSCR",,Works,
782,V8B2,Comm,Acornsoft,Invaders (JS),Game,,,,,,,,,JoyKBD,present,,JS/DAVE,8200,"CH.""INVADER""",INVADER,,Works,
783,V8B2,Comm,Bug Byte,Galaxian (JS),Game,,,,,,,,,JoyKBD,present,,JS/DAVE,8200,"CH.""GALAXBB""",GALAXBB,,Works,
784,V10B5,Comm,Bug Byte,Atom Invaders (JS),Game,,,,,,,,,JoyKBD,present,,JS/DAVE,8200,"CH.""INVADBB""",INVADBB,,Works,
785,V8B3,Comm,A&F S/W,Cylon Attack (JS),Game,,,,,,,,,JoyKBD,present,,JS/DAVE,8200,"CH.""CYLONATT""",CYLONATT,,Works,
786,V8B3,Comm,Acornsoft,Dog Fight (JS),Game,,,,,,,,,Both,present,,JS/DAVE,8200,"CH. ""DOGFIGHT""",DOGFIGHT,,Works,
787,V14B1,Comm,A&F S/W,Space Panic (JS),Game,,,,,,,,,JoyKBD,present,,JS/DAVE,8200,*RUN PANIC,PANIC,,Test,
788,V8B3,Comm,Prog Power,Stock Car (JS),Game,,,,,,,,,Both,present,,JS/DAVE,8200,"CH.""STOCKCAR""",STOCKCAR,,Works,
789,V8B3,Comm,Acornsoft,Asteroids (JS),Game,,,,,,,,,JoyKBD,present,,JS/DAVE,8200,"CH.""ASTEROID""",ASTEROID,,Works,
790,V8B3,Comm,Acornsoft,Snooker (JS),Game,,,,,,,,,JoyKBD,present,,JS/DAVE,8200,"CH.""SNOOKER""",SNOOKER,,Works,
791,V8B3,Comm,Acornsoft,Lunar Lander (JS),Game,,,,,,,,,JoyKBD,present,,JS/DAVE,8200,"CH.""LANDER""",LANDER,,Works,
792,V8B3,Comm,Acornsoft,Amoeba (JS),Game,,,,,,,,,JoyKBD,present,,JS/DAVE,8200,"CH.""AMOEBA""",AMOEBA,,Works,
793,V14B1,Comm,Hopesoft,Atom Man (JS),Game,,,,,,,,,JoyKBD,present,,JS/DAVE,8200,"*LOAD AMAN
*RUN AMANRUN","AMAN
AMANRUN",,Test,
794,V8B3,Comm,Prog Power,Astrobirds (JS),Game,,,,,,,,,JoyKBD,present,,JS/KEES,8200,*RUN ASTROBI,ASTROBI,,Works,
795,V8B3,Comm,Acornsoft,Babies (JS),Game,,,,,,,,,JoyKBD,present,,JS/KEES,8200,"CH.""BABIES""",BABIES,,Works,
796,V8B3,Comm,Micro Mania,Centipede (JS),Game,,,,,,,,,JoyKBD,present,,JS/KEES,8200,*RUN CENTIPE,CENTIPE,,Works,
797,V8B3,Comm,Micro Mania,Defender (JS),Game,,,,,,,,,JoyKBD,present,,JS/KEES,8200,*RUN DEFENDE,DEFENDE,,Works,
798,V8B3,Comm,Acornsoft,Dodgems (JS),Game,,,,,,,,,JoyKBD,present,,JS/KEES,8200,*RUN DODGEMS,DODGEMS,,Works,
799,V8B3,Magazines,Your Computer,Acorn Kong (JS),Game,,,Yes,,,,,,JoyKBD,present,,JS/KEES,8200,"CH.""KONG""",KONG,,Works,
800,V8B3,Comm,Prog Power,Martians (JS),Game,,,,,,,,,JoyKBD,present,,JS/KEES,8200,*RUN MARTIAN,MARTIAN,,Works,
801,V8B3,Comm,Micro Mania,Omega Mission (JS),Game,,,,,,,,,JoyKBD,present,,JS/KEES,8200,*RUN OMEGA,"OMEGA
DATA",,Works,
802,V8B3,Non Comm,Non Comm,Pointer (JS),Game,,6K+6K,,,,,,,JoyKBD,present,,JS/KEES,8200,"*LOAD POINTER
RUN",POINTER,,Works,
803,V8B3,Comm,Acornsoft,Rat Trap (JS),Game,,,,,,,,,JoyKBD,present,,JS/KEES,8200,*RUN RATTRAP,RATTRAP,,Works,
804,V8B3,Comm,Acornsoft,Robots (JS),Game,,,,,,,,,JoyKBD,present,,JS/KEES,8200,"CH.""ROBOTS""",ROBOTS,,Works,
805,V8B3,Comm,Prog Power,Cowboy Shoot-Out (JS),Game,,,,,,,,,JoyKBD,present,,JS/KEES,8200,*RUN SHOOTOU,SHOOTOU,,Works,
806,V8B3,Comm,Acornsoft,Star Gate (JS),Game,,,,,,,,,JoyKBD,present,,JS/KEES,8200,*RUN STARGAT,STARGAT,,Works,
807,V8B3,Comm,A&F S/W,Torpedo Run (JS),Game,,,,,,,,,JoyKBD,present,,JS/KEES,8200,*RUN TORP,TORP,,Works,
808,V8B3,Comm,A&R S/W,Trap (JS),Game,,,Yes,,,,,,JoyKBD,present,,JS/KEES,8200,*RUN TRAP,TRAP,,Works,
809,V8B3,Non Comm,Non Comm,Shelob's Army (JS),Game,,32K+6K,,No,Yes,No,,,JoyKBD,present,,JS/KEES,8200,"CH.""SHELOBS""",SHELOBS,,Works,
810,V8B3,Non Comm,Non Comm,Ghost (JS),Game,,,,,,,,,JoyKBD,present,,JS/KEES,8200,"CH.""GHOST""",GHOST,,Works,
811,V8B3,Non Comm,Non Comm,Saturn (JS),Game,,,,,,,,,JoyKBD,present,,JS/KEES,8200,"CH.""SATURN""",SATURN,,Works,
812,V8B3,Comm,Prog Power,3D Asteroids (JS),Game,,,,,,,,,JoyKBD,present,,JS/WIM,8200,"CH.""3DASTER""",3DASTER,,Works,
813,V8B3,Comm,Acornsoft,Four Row (JS),Game,,,,,,,,,JoyKBD,present,,JS/WIM,8200,"CH.""4OP1RIJ""",4OP1RIJ,,Works,
814,V8B3,Non Comm,Non Comm,Bowling (JS),Game,,,,Yes,No,No,,,JoyKBD,present,,JS/WIM,8200,"CH.""BOWLING""",BOWLING,,Works,
815,V8B3,Comm,Acornsoft,Breakout (JS),Game,,,,,,,,,JoyKBD,present,,JS/WIM,8200,"CH.""BREAKOU""",BREAKOU,,Works,
816,V8B3,Comm,Acornsoft,Breakout (JS),Game,,,,,,,,,JoyKBD,present,,JS/WIM,8200,"CH.""BRKOUT""",BRKOUT,,Works,
817,V8B3,Books,Atom Magic Book,Drive (JS),Game,,,,,,,,,JoyKBD,present,,JS/WIM,8200,"CH.""DRIVE""",DRIVE,,Works,
818,V8B3,Comm,Prog Power,Space Fighter (JS),Game,,,,,,,,,JoyKBD,present,,JS/WIM,8200,"CH.""FIGHTER""",FIGHTER,,Works,
819,V8B3,Comm,A&F S/W,Frogger (JS),Game,,,Yes,,,,,,JoyKBD,present,,JS/WIM,8200,"CH.""FROGGER""",FROGGER,,Works,
820,V8B3,Comm,Prog Power,Hyperfire (JS),Game,,,,,,,,,JoyKBD,present,,JS/WIM,8200,"CH.""HYPERFI""",HYPERFI,,Works,
821,V8B3,Non Comm,Non Comm,Jet (JS),Game,,,,,,,,,JoyKBD,present,,JS/WIM,8200,"CH.""JET""",JET,,Works,
822,V8B3,Non Comm,Non Comm,Race (JS),Game,,,,,,,,,JoyKBD,present,,JS/WIM,8200,"CH.""JOYRACE""",JOYRACE,,Works,
823,V8B3,Non Comm,Non Comm,Navigator (JS),Game,,,,No,Yes,No,,,JoyKBD,present,,JS/WIM,8200,"CH.""NAVIGAT""",NAVIGAT,,Works,
824,V14B1,Comm,A&F S/W,Painter (JS),Game,,,,,,,,,JoyKBD,present,,JS/DAVE,8200,*RUN PAINTER,PAINTER,,Test,
825,V8B3,Comm,Micro Mania,Puckman (JS),Game,,,,,,,,,JoyKBD,present,,JS/WIM,8200,"CH.""PUCKMA""",PUCKMA,,Works,
826,V8B3,Non Comm,Non Comm,Race Rups (JS),Game,,,Yes,Yes,No,No,,,JoyKBD,present,,JS/WIM,8200,"CH.""RACRUPS""",RACRUPS,,Works,
827,V8B3,Non Comm,Non Comm,Rhinoceros (JS),Game,,,Yes,,,,,,JoyKBD,present,,JS/WIM,8200,"CH.""RHINORO""",RHINORO,,Works,
828,V8B3,Non Comm,Non Comm,Shuttle (JS),Game,,,Yes,Yes,No,Yes,,,JoyKBD,present,,JS/WIM,8200,"CH.""SHUTTLE""",SHUTTLE,,Works,
829,V8B3,Comm,Acornsoft,Snake (JS),Game,,,,,,,,,JoyKBD,present,,JS/WIM,8200,"CH.""SNAKE""",SNAKE,,Works,
830,V8B3,Comm,Acornsoft,Snapper (JS),Game,,,,,,,,,JoyKBD,present,,JS/WIM,8200,"CH.""SNAPPER""",SNAPPER,,Works,
831,V8B3,Non Comm,Non Comm,Space Zap (JS),Game,,,,,,,,,JoyKBD,present,,JS/WIM,8200,"CH.""SPACZAP""",SPACZAP,,Works,
832,V8B3,Non Comm,Non Comm,Space Robots (JS),Game,,32K+6K,,No,Yes,Yes,,,JoyKBD,present,Roland Leurs,JS/WIM,8200,"CH.""SPAROBS""",SPAROBS,,Works,
833,V8B3,Comm,Prog Power,Swarm (JS),Game,,,,,,,,,JoyKBD,present,,JS/WIM,8200,"CH.""SWARM""",SWARM,,Works,
834,V8B3,Non Comm,Non Comm,Stowaway (JS),Game,,,,,,,,,JoyKBD,present,,JS/WIM,8200,"CH.""VERSTE1""",VERSTE1,,Works,
835,V8B3,Comm,Prog Power,Warlords (JS),Game,,,,,,,,,JoyKBD,present,,JS/WIM,8200,"CH.""WARLOR""",WARLOR,,Works,
836,V8B3,Comm,Bug Byte,Wiggle (JS),Game,,,Yes,,,,,,JoyKBD,present,,JS/WIM,8200,"CH.""WIGGLE""",WIGGLE,,Works,
837,V8B3,Comm,Prog Power,Munchyman (JS),Game,,,,,,,,,JoyKBD,present,,JS/WIM,8200,"CH.""MUNCHJH""",MUNCHJH,,Works,
838,V8,Comm,Prog Power,Air Attack (JS),Game,,,,,,,,,JoyKBD,present,J. Dyson,JS/WIM,8200,"*LOAD AIRATTA
RUN","AIRATTA
ATDATA",,Works,
839,V8B3,Non Comm,Non Comm,Ghost,Game,,,,,,,,,,present,,NC,8200,"CH.""GHOST""",GHOST,,Works,
840,V8B3,Non Comm,Non Comm,Saturn,Game,,,,,,,,,,present,,NC,8200,"CH.""SATURN""",SATURN,,Works,
841,V8B3,Comm,Electrocomp sups,Basic Invaders,Game,,,Yes,,,,,,,present,,ES,8200,"CH.""BAINV""",BAINV,,Works,
842,V8B3,Comm,Electrocomp sups,Darts,Game,,,Yes,,,,,,,present,,ES,300,"*RUN DARTS1
?18=46
CH.""DARTS2""","DARTS1
DARTS2",,Works,
843,V8B3,Non Comm,Non Comm,Le Passe Temps,Game,,,,,,,,,,present,,NC,8200,"CH.""4OP1RY""",4OP1RY,,Works,
844,V9B1,Non Comm,Non Comm,Pacman (JS),Game,,,,,,,,,JoyKBD,present,Thony Brown,JS/WIM,8200,"CH.""PACMAN""",PACMAN,,Works,
845,V9B1,Non Comm,Non Comm,Burger Time (JS),Game,,32K+8K,,No,Yes,No,,,JoyKBD,present,,JS/KEES,8200,"CH.""BTIME""",BTIME,,Works,
846,V9B1,Non Comm,Non Comm,Egg Catcher (JS),Game,,32K+8K,Yes,Yes,Yes,No,,,JoyKBD,present,,JS/KEES,8200,"CH.""KIP""",KIP,,Works,
847,V9B1,Non Comm,Non Comm,Helicopter Lander (JS),Game,,,,,,,,,JoyKBD,present,,JS/KEES,8200,"CH.""JHELI""",JHELI,,Works,
848,V9B1,Comm,Bug Byte,Last Run (JS),Game,,,,,,,,,JoyKBD,present,,JS/KEES,8200,"CH.""JLAST""",JLAST,,Works,
849,V9B1,Modern,Non Comm,BeebSID15 70's Rock,Music,SID,32K+6K,,,,,,,,present,,SID/ATMSID15,2900,*RUN SIDMENU,"69WHOLE
70ALLRI
70IRONM
70LAYLA
71LADYI
71STAIR
72SMOKE
73THEGR
75ILOVE
75WISHY
77AHOTE
77BBATO
78HOLDT
79ANOTH
SIDMENU
",,Works,
850,V9B1,Magazines,Hobbit,Valtinet,Game,,,,Yes,No,Yes,,,,present,,HB,8200,"CH.""VALINET""",VALINET,,Works,
851,V9B1,Non Comm,Non Comm,VDG FS Time,Utility,Test,,Yes,,,,,,,present,David Banks,NC/TEST,8200,"CH.""VDCTIME""",VDCTIME,,Works,
852,V9B1,Magazines,PCW,Atom Quest,Game,,,,,,,,,,present,Nick Foale,PCW,8200,"CH.""QUEST""",QUEST,,Works,
853,V9B1,Non Comm,Non Comm,Co-Ord.,Game,GameBase,,,,,,,,,present,??,GB,8200,"CH.""028""","028
",,Works,
854,V9B1,Non Comm,Non Comm,Shape Edit,Utility,GameBase,,,No,No,Yes,,,,present,??,GB,8200,"CH.""057""","057
",,Works - requires AXR1,
855,V9B1,Non Comm,Non Comm,Asteroid,Game,GameBase,,,,,,,,,present,Erik Agrell,GB,8200,"CH.""069""","069
",,Works,
856,V9B1,Non Comm,Non Comm,Disassembler,Utility,GameBase,,,,,,,,,present,??,GB,8200,"CH.""072""","072
",,Works,
857,V9B1,Non Comm,Non Comm,Heathrow,Game,GameBase,,,,,,,,,present,??,GB,8200,"CH.""073""","073
",,Works,
858,V9B1,Non Comm,Non Comm,Labyrinth,Game,GameBase,,,,,,,,,present,Erik Agrell,GB,8200,"CH.""074""","074
",,Works,
859,V9B1,Non Comm,Non Comm,Life,Simulation,GameBase,,,,,,,,,present,Erik Agrell,GB,8200,"CH.""075""","075
",,Works,
860,V9B1,Non Comm,Non Comm,Nim,Game,GameBase,,,,,,,,,present,Erik Agrell,GB,8200,"CH.""078""","078
",,Works,
861,V9B1,Non Comm,Non Comm,Orm,Game,GameBase,,,,,,,,,present,Erik Agrell,GB,8200,"CH.""079""","079
",,Works,
862,V9B1,Non Comm,Non Comm,Atom Pilot,Language,GameBase,,,,,,,,,present,acc-nl,GB,8200,*RUN 098,"098
",,Works,
863,V9B1,Non Comm,Non Comm,Maze Game,Game,GameBase,,Yes,,,,,,,present,??,GB,8200,"CH.""134""",134,,Works,
864,V9B1,Non Comm,Non Comm,Flight Simulator,Game,GameBase,32K+6K,Yes,,,,,,,present,Acorn user,GB,8200,"CH.""144""",144,,Works,
865,V9B1,Non Comm,Non Comm,Super Zombie,Game,GameBase,,,,,,,,,present,Magnus Olssen,GB,8200,"CH.""155""",155,,Works,
866,V9B1,Non Comm,Magnus Olsson,Megalife,Simulation,GameBase,,,,,,Yes,,,present,Magnus Olssen,GB,8200,*RUN 158,158,,Works - requires WE-ROM,
867,V9B1,Non Comm,Non Comm,Condot,Game,GameBase,,,,,No,Yes,,,present,Creative Computing,GB,8200,"CH.""159""",159,,Works,
868,V9B1,Non Comm,Non Comm,Madlib,Game,GameBase,,,,,,,,,present,Creative Computing,GB,8200,"CH.""165""",165,,Works,
869,V9B1,Magazines,PCW,Acorn Scramble,Game,,,,,,,,,,present,Nick Foale,PCW,8200,*RUN SCRMBLE,SCRMBLE,,Works,
870,V9B1,Non Comm,Non Comm,Check-Mate,Game,GameBase,,,,,,,,,present,Magnus Olsson,GB,8200,"CH.""168""",168,,Works,
871,V9B1,Non Comm,Magnus Olsson,DFC 700,Game,GameBase,,,,,,Yes,,,present,Magnus Olssen,GB,8200,"CH.""169""",169,,Works - requires WE-ROM,
872,V9B1,Non Comm,Non Comm,Lunar Lander,Game,GameBase,,Yes,,,,,,,present,Magnus Olssen,GB,8200,"CH.""172""",172,,Works,
873,V9B1,Non Comm,Non Comm,Q-bert,Game,GameBase,,,No,No,Yes,,,,present,??,GB,8200,"CH.""185""",185,,Works - requires AXR1,
874,V9B1,Non Comm,Non Comm,The Nudger,Game,GameBase,,,,,,,,,present,Steve Webster,GB,8200,"CH.""197""",197,,Works,
875,V9B1,Non Comm,Non Comm,Cubic,Utility,GameBase,,Yes,,,,,,,present,Steve Webster,GB,8200,"CH.""199""",199,,Works,
876,V9B1,Non Comm,Non Comm,Starship Manna,Game,GameBase,,,,,,,,,present,??,GB,8200,"CH.""226""",226,,Works,
877,V9B1,Non Comm,Non Comm,Cement (JS),Game,,,Yes,,,,,,JoyKBD,present,RK,JS/WIM,8200,"*LOAD CEMENT
RUN",CEMENT,,Works,
878,V9B1,Modern,Retro S/W,F-14 Tomcat,Game,RS Mono,32K+6K,,,,,,,JoyKBD,present,Kees van Oss,RS/F14,8200,"CH.""F14RUN""","F14CODE
F14RUN
F14SCR
LEVEL1
LEVEL2
LEVEL3
LEVEL4",,Works,
879,V9B2,Modern,Retro S/W,F-14 Tomcat SID,Game,RS Mono,32K+6K,,,,,,,JoyKBD,present,Kees van Oss,RS/F14SID,8200,"CH.""F14RUN""","F14CODE
F14MUSIC
F14RUN
F14SCR
LEVEL1
LEVEL2
LEVEL3
LEVEL4",,Works,
880,V9B2,Modern,Retro S/W,Elite Demo,Game,RS Mono,32K+6K,,,,,,,JoyKBD,present,Kees van Oss,RS/ELITE,8200,*RUN ELITE,"CODE
ELITE
KEYS.TXT",,Works,
881,V10B4,Modern,Retro S/W,Manic Miner,Game,RS Mono,32K+6K,,,,,,,JoyKBD,present,Kees van Oss,RS/MMINER,8200,"CH.""MMRUN""","MMRUN
MMINTRO
MMCODE",,Works,
882,V9B2,Non Comm,Non Comm,Type Ahead,Utility,,,,,,,,,,present,Ronald Boers,NC,8200,"CH.""TYPEAHD""",TYPEAHD,,Works,
883,V9B2,Modern,Jim Bagley,Dragon's Lair (1MHz),Game,,32K+6K,,,,,,,,present,Jim Bagley,DLAIR,8200,*RUN DLAIR,DLAIR,,Works,
884,V9B2,Modern,Jim Bagley,Dragon's Lair (2MHz),Game,,32K+6K,,,,,,,,present,Jim Bagley,DLAIR,8200,*RUN DLAIR2M,DLAIR2M,,Works,
885,V9B2,Non Comm,Non Comm,Chess (Usurpator II),Game,,,,,,,,,,present,H.G.Muller/F.Bouma,NC,8200,*RUN USURII,USURII,,Works,
886,V10B1,Modern,Retro S/W,Jet Set Willy,Game,RS Mono,32K+6K,,,,,,,JoyKBD,present,Kees van Oss,RS/JSW,8200,"CH.""JSWRUN""","JSWRUN
JSWCODE",,Works,
887,V10B1,Modern,Retro S/W,Jet Set Willy II,Game,RS Mono,32K+6K,,,,,,,JoyKBD,present,Kees van Oss,RS/JSW2,8200,"CH.""JSW2RUN""","JSW2RUN
JSW2COD",,Works,
888,V10B1,Modern,Retro S/W,Egghead in Space,Game,RS Mono,32K+6K,,,,,,,JoyKBD,present,Kees van Oss,RS/EGGHEAD,8200,*RUN EHRUN,"EHRUN
EHCODE",,Works,
889,V10B1,Comm,A&F S/W,Tangled,Game,,,,,,,,,,present,,AF,8200,"CH.""TANGLED""",TANGLED,,Works,
890,V10B1,Comm,Aardvark,Galaxians,Game,,,,,,,,,,present,Nick Pelling (aka Orlando M Pilchard),AA,8200,*RUN GALAXIAN,GALAXIAN,,,
891,V10B1,Modern,Non Comm,BeebSID16 ABBA,Music,SID,32K+6K,,,,,,,,present,,SID/ATMSID16,2900,*RUN SIDMENU,"1975BFE
1975MAM
1975SOS
1976KNO
1976MON
1977TAK
1977THA
1979CHI
1979DOE
1979GIM
1980THE
1981ONE
1982UND
SIDMENU
",,Two bad tracks,
892,V10B1,Non Comm,Non Comm,Maurice (Demo),Game,,,,,,,,,,present,,NC,8200,"CH.""MAURICE""",MAURICE,,Works,
893,V10B1,Non Comm,Non Comm,Scramble,Game,,,,No,No,Yes,,,,present,,NC,8200,"CH.""SCRAMBLE""",SCRAMBLE,,Works,
894,V10B1,Modern,Non Comm,RAF Test,Utility,Test,,Yes,Yes,No,No,,,,present,Kees van Oss,NC/TEST,8200,"CH.""RAFTEST""",RAFTEST,,Works,
895,V10B1,Modern,Non Comm,Atom Tube Host,Utility,Tube,32K+6K,No,,,,,,,present,David Banks,TUBE,8200,"CH.""BOOT6502""","TUBE
BASIC2
CLOCKSP
HIBASIC
COLOSS
BOOT6502",,Works,
896,V10B1,Non Comm,Non Comm,Squirrel Tree,Adventure,,,,,,,,,,present,Unknown,NC,8200,"CH.""SQUIRL1""","SQUIRL1
SQUIRL2",,Works,
897,V10B2,Modern,Retro S/W,Tetris,Game,RS Mono,32K+6K,,,,,,,JoyKBD,present,Kees van Oss,RS/TETRIS,8200,"CH.""SIDRUN""","SIDCODE
SIDRUN",,Works,
898,V10B4,Modern,Retro S/W,W.A.R.,Game,RS Mono,32K+6K,,,,,,,JoyKBD,present,Kees van Oss,RS/WAR,8200,"CH.""WAR""","GAME1
GAME2
LOADER1
LOADER2
LOADSC
WAR
WARSC",,Works,
899,V10B5,Comm,A&F S/W,Kamikaze,Game,,,,,,,,,,present,,AF,8200,"CH.""KAMIKAZ""",KAMIKAZ,,Works,
900,V10B5,Modern,Non Comm,BeebSID17 Pet Shop Boys,Music,SID,32K+6K,,,,,,,,present,,SID/ATMSID17,2900,*RUN SIDMENU,"00GOWES
01WESTE
02LOVEC
03OPPOR
04SUBUR
05HITMU
06ITSAS
07WHATH
08RENTA
09ALWAY
10HEART
11DOMIN
19GOWES
SIDMENU

",,Works,
901,V10B5,Modern,Non Comm,BeebSID18 Club Hits!,Music,SID,32K+6K,,,,,,,,present,,SID/ATMSID18,2900,*RUN SIDMENU,"01RHYTH
02LAMOU
03PUMPU
ANOTHER
BETTERO
BLUEDAB
CHILDRE
COTTONE
GONNAMA
GROOVEI
ITSMYLI
LIVINGO
MRVAINC
NOLIMIT
PRAISEY
PUMPUPT
RHYTHMO
RIDEONT
RIGHTIN
SANDSTO
SCATMAN
SIDMENU
THEMEFR
THESIGN
UGOT2LE
WHATISL
WHATTIM
",,Works,
902,V10B5,Books,The Atom,Racer,Game,,,,,,,,,,present,,TA,8200,"CH.""RACER""",RACER,,Works,
903,V10B5,Books,The Atom,Breakout,Game,,,,,,,,,,present,,TA,8200,"CH.""BREAKOU""",BREAKOU,,Works,
904,V10B5,Modern,Non Comm,Bad Apple (Clear 0),Music,SID,32K+6K,,,,,,,,present,Kees van Oss,SID/BADAPPL,8200,"CH.""RUNME0""","MOVIE0
MUSIC
PLAYER0
RUNME0
SIDPLAY",,Works,
905,V10B5,Modern,Non Comm,Bad Apple (Clear 2),Music,SID,32K+6K,,,,,,,,present,Kees van Oss,SID/BADAPPL,8200,"CH.""RUNME2""","MOVIE2
MUSIC
PLAYER2
RUNME2
SIDPLAY",,Works,
906,V10B5,Modern,Non Comm,Bad Apple (Clear 4),Music,SID,32K+6K,,,,,,,,present,Kees van Oss,SID/BADAPPL,8200,"CH.""RUNME4""","BACKSCR
MOVIE2
MUSIC
PLAYER4
RUNME4
SIDPLAY",,Works,
907,V6,Modern,Non Comm,HubPlay (#BDC0),Music,SID,,,,,,,,,present,,SID/ATOMSID,8200,*RUN HUBPLAY,HUBPLAY,,Works,
908,V11B3,Modern,Non Comm,Bad Apple (Clear 4 FS),Music,SID,32K+6K,,,,,,,,present,Kees van Oss,SID/BADAPPL,8200,"CH.""RUNME6""","MOVIE4C
MUSIC
PLAYER6
RUNME6
SIDPLAY",,Works,
909,V11B1,Non Comm,Non Comm,Logger,Game,,,,,,,,,,present,,NC,8200,"CH. ""LOGGER""",LOGGER,,Works,
910,V11B1,Non Comm,Non Comm,Worm,Game,,,,,,,,,,present,,NC,8200,"CH. ""WORM""",WORM,,Works,
911,V11B1,Non Comm,Non Comm,Parachute,Game,,,,,,,,,,present,,NC,8200,"CH. ""PARACHU""",PARACHU,,Works,
912,V11B1,Non Comm,Non Comm,Shopper,Game,,,Yes,,,,,,,present,,NC,8200,"CH. ""SHOPPER""",SHOPPER,,Works,
913,V11B1,Non Comm,Non Comm,Gattack,Game,,,,,,,,,,present,,NC,8200,"CH. ""GATTACK""",GATTACK,,Works,
914,V11B1,Non Comm,Non Comm,Topografie,Game,,32K+8K,,,,,,,,present,,NC/TOPOT,8200,"CH. ""TOPOT""","DATA
MAP
PROG
TOPOT",,Works,
915,V11B1,Non Comm,Non Comm,Deadstar,Game,,,,,,,,,,present,,NC,8200,"CH. ""DEADSTA""",DEADSTA,,Works,
916,V11B1,ROMS,Prog Power,PP MC Monitor,Language,,,,,,,,,,present,,ROMS/PP/MCMON,8200,"PRINT TO INITIALIZE: LINK #A000
PRINT FOR HELP: SEE MANUAL
*LOAD FC5A 8800",FC5A,,Works,
917,V11B1,Modern,Non Comm,BeebSID19 Classical,Music,SID,32K+6K,,,,,,,,present,,SID/ATMSID19,2900,*RUN SIDMENU,"AIRONTH
ALSOSPR
CANCANO
DEUTSCH
EINEKLE
FURELIS
GREENSL
HORNCON
MAZURKA
MOONLIG
ODETOJO
SIDMENU
SYMPHON
THEMAGI
TOCCATA",,Works,
918,V11B2,Magazines,PCW,UFO,Game,,,,,,,,,,present,Paul Vernon,PCW,8200,"CH.""UFO""",UFO,,Works,
919,V11B2,AGD,AGD,The Amethyst Dagger,Game,AGD Pack 18,32K+8K,,,,,,,,present,Kees van Oss,AGD/ADAGGER,8200,"CH.""DAGRUN""","DAGCODE
DAGRUN
DAGSCR",,Works,
920,V11B1,AGD,AGD,Aeon 1,Game,AGD Pack 3,32K+8K,,,,,,,,present,Kees van Oss,AGD/AEON1,8200,"CH.""A1RUN""","A1CODE
A1RUN
A1SCR",,Works,
921,V11B1,AGD,AGD,Aeon 2,Game,AGD Pack 3,32K+8K,,,,,,,,present,Kees van Oss,AGD/AEON2,8200,"CH.""A2RUN""","A2CODE
A2RUN
A2SCR",,Works,
922,V11B1,AGD,AGD,Aeon 3,Game,AGD Pack 3,32K+8K,,,,,,,,present,Kees van Oss,AGD/AEON3,8200,"CH.""A3RUN""","A3CODE
A3RUN
A3SCR",,Works,
923,V11B1,AGD,AGD,Aeon 4,Game,AGD Pack 3,32K+8K,,,,,,,,present,Kees van Oss,AGD/AEON4,8200,"CH.""A4RUN""","A4CODE
A4RUN
A4SCR",,Works,
924,V11B2,AGD,AGD,Baffo Jones,Game,AGD Pack 6,32K+8K,,,,,,,,present,Kees van Oss,AGD/BAFFO,8200,"CH.""BAFRUN""","BAFCODE
BAFRUN
BAFSCR",,Works,
925,V11B1,AGD,AGD,Baldy ZX,Game,AGD Pack 4,32K+8K,,,,,,,,present,Kees van Oss,AGD/BALDY,8200,"CH.""BALRUN""","BALCODE
BALRUN
BALSCR",,Works,
926,V11B2,AGD,AGD,Bean Brothers,Game,AGD Pack 22,32K+8K,,,,,,,,present,Kees van Oss,AGD/BEANBRO,8200,"CH.""BBRUN""","BBCODE
BBRUN
BBSCR",,Works,
927,V11B2,AGD,AGD,The Big Javi's Adventure,Game,AGD Pack 13,32K+8K,,,,,,,,present,Kees van Oss,AGD/BIGJAVI,8200,"CH.""BJRUN""","BJCODE
BJRUN
BJSCR",,Works,
928,V11B1,AGD,AGD,Baby Monkey Alba,Game,AGD Pack 4,32K+8K,,,,,,,,present,Kees van Oss,AGD/BMALBA,8200,"CH.""BMRUN""","BMCODE
BMRUN
BMSCR",,Works,
929,V11B2,AGD,AGD,Bubble Monkey Bros,Game,AGD Pack 16,32K+8K,,,,,,,,present,Kees van Oss,AGD/BMBROS,8200,"CH.""BMBRUN""","BMBCODE
BMBRUN",,Works,
930,V11B1,AGD,AGD,Bob Bustin Ghosts,Game,AGD Pack 5,32K+8K,,,,,,,,present,Kees van Oss,AGD/BOB1,8200,"CH.""B1RUN""","B1CODE
B1RUN
B1SCR",,Works,
931,V11B1,AGD,AGD,Bob Lurching Dead,Game,AGD Pack 5,32K+8K,,,,,,,,present,Kees van Oss,AGD/BOB2,8200,"CH.""B2RUN""","B2CODE
B2RUN
B2SCR",,Works,
932,V11B1,AGD,AGD,Bob Summer Breeze,Game,AGD Pack 5,32K+8K,,,,,,,,present,Kees van Oss,AGD/BOB3,8200,"CH.""B3RUN""","B3CODE
B3RUN
B3SCR",,Works,
933,V11B1,AGD,AGD,Bob Jet Pack,Game,AGD Pack 5,32K+8K,,,,,,,,present,Kees van Oss,AGD/BOB4,8200,"CH.""B4RUN""","B4CODE
B4RUN
B4SCR",,Works,
934,V11B1,AGD,AGD,Brick Racer,Game,AGD Pack 4,32K+8K,,,,,,,,present,Kees van Oss,AGD/BRICK,8200,"CH.""BRRUN""","BRCODE
BRRUN
BRSCR",,Works,
935,V11B1,AGD,AGD,B-Squared,Game,AGD Pack 4,32K+8K,,,,,,,,present,Kees van Oss,AGD/BSQUARE,8200,"CH.""BSRUN""","BSCODE
BSRUN
BSSCR",,Works,
936,V11B2,AGD,AGD,Bumber,Game,AGD Pack 6,32K+8K,,,,,,,,present,Kees van Oss,AGD/BUMBER,8200,"CH.""BUMRUN""","BUMCODE
BUMRUN
BUMSCR",,Works,
937,V11B2,AGD,AGD,Castle Capers,Game,AGD Pack 6,32K+8K,,,,,,,,present,Kees van Oss,AGD/CAPERS,8200,"CH.""CAPRUN""","CAPCODE
CAPRUN",,Works,
938,V11B2,AGD,AGD,Caps and Rescue 1,Game,AGD Pack 7,32K+8K,,,,,,,,present,Kees van Oss,AGD/CAPRES1,8200,"CH.""CR1RUN""","CR1CODE
CR1RUN
CR1SCR",,Works,
939,V11B2,AGD,AGD,Caps and Rescue 2,Game,AGD Pack 7,32K+8K,,,,,,,,present,Kees van Oss,AGD/CAPRES2,8200,"CH.""CR2RUN""","CR2CODE
CR2RUN
CR2SCR",,Works,
940,V11B2,AGD,AGD,Caps and Rescue 3,Game,AGD Pack 7,32K+8K,,,,,,,,present,Kees van Oss,AGD/CAPRES3,8200,"CH.""CR3RUN""","CR3CODE
CR3RUN
CR3SCR",,Works,
941,V11B2,AGD,AGD,Prelude to chaos,Game,AGD Pack 6,32K+8K,,,,,,,,present,Kees van Oss,AGD/CHAOS,8200,"CH.""CHRUN""","CHCODE
CHRUN
CHSCR",,Works,
942,V11B2,AGD,AGD,Circuitry,Game,AGD Pack 7,32K+8K,,,,,,,,present,Kees van Oss,AGD/CIRCUIT,8200,"CH.""CIRRUN""","CIRCODE
CIRRUN
CIRSCR",,Works,
943,V11B2,AGD,AGD,Cyber Mania,Game,AGD Pack 8,32K+8K,,,,,,,,present,Kees van Oss,AGD/CYBER,8200,"CH.""CYBRUN""","CYBCODE
CYBRUN",,Works,
944,V11B2,AGD,AGD,Davey Dudds,Game,AGD Pack 8,32K+8K,,,,,,,,present,Kees van Oss,AGD/DAVEY,8200,"CH.""DDRUN""","DDCODE
DDRUN
DDSCR",,Works,
945,V11B2,AGD,AGD,Double Bubble,Game,AGD Pack 8,32K+8K,,,,,,,,present,Kees van Oss,AGD/DBUBBLE,8200,"CH.""DBRUN""","DBCODE
DBRUN
DBSCR",,Works,
946,V11B2,AGD,AGD,Doodle Bug,Game,AGD Pack 9,32K+8K,,,,,,,,present,Kees van Oss,AGD/DBUG,8200,"CH.""DBRUN""","DBCODE
DBRUN
DBSCR",,Works,
947,V11B2,AGD,AGD,Droid Buster,Game,AGD Pack 9,32K+8K,,,,,,,,present,Kees van Oss,AGD/DBUSTER,8200,"CH.""DBRUN""","DBCODE
DBRUN
DBSCR",,Works,
948,V11B2,AGD,AGD,Dungeon Raiders,Game,AGD Pack 9,32K+8K,,,,,,,,present,Kees van Oss,AGD/DRAIDER,8200,"CH.""DRRUN""","DRCODE
DRRUN",,Works,
949,V11B2,AGD,AGD,Dark Tricks,Game,AGD Pack 8,32K+8K,,,,,,,,present,Kees van Oss,AGD/DTRICKS,8200,"CH.""DTRUN""","DTCODE
DTRUN
DTSCR",,Works,
950,V11B2,AGD,AGD,In the Walls of ERYX,Game,AGD Pack 9,32K+8K,,,,,,,,present,Kees van Oss,AGD/ERYX,8200,"CH.""ERRUN""","ERCODE
ERRUN
ERSCR",,Works,
951,V11B2,AGD,AGD,Space Escape,Game,AGD Pack 10,32K+8K,,,,,,,,present,Kees van Oss,AGD/ESCAPE,8200,"CH.""ESRUN""","ESCODE
ESRUN
ESSCR",,Works,
952,V11B2,AGD,AGD,Mini Explorer,Game,AGD Pack 10,32K+8K,,,,,,,,present,Kees van Oss,AGD/EXPLORE,8200,"CH.""EXPRUN""","EXPCODE
EXPRUN
EXPSCR",,Works,
953,V11B2,AGD,AGD,Flappy the Ghost,Game,AGD Pack 10,32K+8K,,,,,,,,present,Kees van Oss,AGD/FGHOST,8200,"CH.""FGRUN""","FGCODE
FGRUN
FGSCR",,Works,
954,V11B1,AGD,AGD,Foggy's Quest (M),Game,AGD Pack 1,32K+8K,,,,,,,,present,Kees van Oss,AGD/FOGBW,8200,"CH.""FOGRUN""","FOGCODE
FOGRUN
FOGSCR",,Works,
955,V11B1,AGD,AGD,Foggy's Quest (C),Game,AGD Pack 1,32K+8K,Yes,,,,,,,present,Kees van Oss,AGD/FOGCO,8200,"CH.""FOGRUN""","FOGCODE
FOGRUN
FOGSCR",,Works,
956,V11B2,AGD,AGD,Funky Fungus,Game,AGD Pack 22,32K+8K,,,,,,,,present,Kees van Oss,AGD/FUNGUS,8200,"CH.""FUNRUN""","FUNCODE
FUNPAN
FUNRUN
FUNSCR",,Works,
957,V11B1,AGD,AGD,Christmas Gift Hunt,Game,AGD Pack 2,32K+8K,,,,,,,,present,Kees van Oss,AGD/GIFTHUN,8200,"CH.""GHRUN""","GHCODE
GHRUN
GHSCR",,Works,
958,V11B1,AGD,AGD,Grumpy Santa,Game,AGD Pack 2,32K+8K,,,,,,,,present,Kees van Oss,AGD/GRUMPY,8200,"CH.""GSRUN""","GSCODE
GSRUN
GSSCR",,Works,
959,V11B2,AGD,AGD,Hedgehog,Game,AGD Pack 10,32K+8K,,,,,,,,present,Kees van Oss,AGD/HEDGEHO,8200,"CH.""HHRUN""","HHCODE
HHRUN
HHSCR",,Works,
960,V11B2,AGD,AGD,Heroes Rescue,Game,AGD Pack 11,32K+8K,,,,,,,,present,Kees van Oss,AGD/HEROES,8200,"CH.""HERRUN""","HERCODE
HERRUN
HERSCR",,Works,
961,V11B2,AGD,AGD,Higgy 2 The Wrath of McMania,Game,AGD Pack 19,32K+8K,,,,,,,,present,Kees van Oss,AGD/HIGGY2,8200,"CH.""HIGRUN""","HIGCODE
HIGRUN
HIGSCR",,Works,
962,V11B2,AGD,AGD,HopNFrog,Game,AGD Pack 11,32K+8K,,,,,,,,present,Kees van Oss,AGD/HOPNFRO,8200,"CH.""HOPRUN""","HOPCODE
HOPRUN",,Works,
963,V11B2,AGD,AGD,Hyperkill,Game,AGD Pack 11,32K+8K,,,,,,,,present,Kees van Oss,AGD/HYPERKI,8200,"CH.""HYPRUN""","HYPCODE
HYPRUN
HYPSCR",,Works,
964,V11B2,AGD,AGD,Ice Slider Z,Game,AGD Pack 12,32K+8K,,,,,,,,present,Kees van Oss,AGD/ICESLID,8200,"CH.""ISRUN""","ISCODE
ISRUN
ISSCR",,Works,
965,V11B2,AGD,AGD,Impossabubble,Game,AGD Pack 13,32K+8K,,,,,,,,present,Kees van Oss,AGD/IMPOSS,8200,"CH.""IMPRUN""","IMPCODE
IMPRUN
IMPSCR",,Works,
966,V11B2,AGD,AGD,Jane Jelly Egg Diamond,Game,AGD Pack 12,32K+8K,,,,,,,,present,Kees van Oss,AGD/JANE1,8200,"CH.""J1RUN""","J1CODE
J1RUN
J1SCR",,Works,
967,V11B2,AGD,AGD,Jane Jelly Hot Marmelade,Game,AGD Pack 12,32K+8K,,,,,,,,present,Kees van Oss,AGD/JANE2,8200,"CH.""J2RUN""","J2CODE
J2RUN
J2SCR",,Works,
968,V11B2,AGD,AGD,Jane Jelly Treasure of Zedin,Game,AGD Pack 12,32K+8K,,,,,,,,present,Kees van Oss,AGD/JANE3,8200,"CH.""J3RUN""","J3CODE
J3RUN
J3SCR",,Works,
969,V11B2,AGD,AGD,Jump Collision,Game,AGD Pack 17,32K+8K,,,,,,,,present,Kees van Oss,AGD/JUMPCOL,8200,"CH.""JCRUN""","JCCODE
JCRUN
JCSCR",,Works,
970,V11B2,AGD,AGD,Kanga,Game,AGD Pack 13,32K+8K,,,,,,,,present,Kees van Oss,AGD/KANGA,8200,"CH.""KANRUN""","KANCODE
KANRUN
KANSCR",,Works,
971,V11B2,AGD,AGD,Killerbees,Game,AGD Pack 13,32K+8K,,,,,,,,present,Kees van Oss,AGD/KILLERB,8200,"CH.""KBRUN""","KBCODE
KBRUN
KBSCR",,Works,
972,V11B2,AGD,AGD,Knight Hero,Game,AGD Pack 11,32K+8K,,,,,,,,present,Kees van Oss,AGD/KNIGHT,8200,"CH.""KHRUN""","KHCODE
KHRUN
KHSCR",,Works,
973,V11B2,AGD,AGD,Diamond Geezer,Game,AGD Pack 14,32K+8K,,,,,,,,present,Kees van Oss,AGD/LADDER,8200,"CH.""LADRUN""","LADCODE
LADRUN
LADSCR",,Works,
974,V11B2,AGD,AGD,Little Dragon 2,Game,AGD Pack 14,32K+8K,,,,,,,,present,Kees van Oss,AGD/LDRAG2,8200,"CH.""LDRUN""","LDCODE
LDRUN
LDSCR",,Works,
975,V11B2,AGD,AGD,The Treasure of Lumos,Game,AGD Pack 14,32K+8K,,,,,,,,present,Kees van Oss,AGD/LUMOS,8200,"CH.""LUMRUN""","LUMCODE
LUMRUN
LUMSCR",,Works,
976,V11B2,AGD,AGD,The Malignant Core,Game,AGD Pack 14,32K+8K,,,,,,,,present,Kees van Oss,AGD/MALIGNA,8200,"CH.""MGRUN""","MGCODE
MGRUN
MGSCR",,Works,
977,V11B2,AGD,AGD,Mike The Guitar,Game,AGD Pack 15,32K+8K,,,,,,,,present,Kees van Oss,AGD/MIKE,8200,"CH.""MGRUN""","MGCODE
MGRUN
MGSCR",,Works,
978,V11B2,AGD,AGD,LandOfMireMare Instructions,Game,AGD Pack 15,32K+8K,,,,,,,,present,Kees van Oss,AGD/MIREMAR,8200,"CH.""MMRUN""","MMCODE
MMPAN
MMRUN
MMSCR",,Works,
979,V11B2,AGD,AGD,Montys Honey Run,Game,AGD Pack 16,32K+8K,,,,,,,,present,Kees van Oss,AGD/MONTY1,8200,"CH.""MM1RUN""","MM1CODE
MM1RUN
MM1SCR",,Works,
980,V11B2,AGD,AGD,Montys Last Strike Christmas Job,Game,AGD Pack 16,32K+8K,,,,,,,,present,Kees van Oss,AGD/MONTYXM,8200,"CH.""MMXRUN""","MMXCODE
MMXRUN
MMXSCR",,Works,
981,V11B2,AGD,AGD,Nadral,Game,AGD Pack 15,32K+8K,,,,,,,,present,Kees van Oss,AGD/NADRAL,8200,"CH.""NADRUN""","NADCODE
NADRUN
NADSCR",,Works,
982,V11B2,AGD,AGD,Nemokay Island,Game,AGD Pack 17,32K+8K,,,,,,,,present,Kees van Oss,AGD/NEMOKAY,8200,"CH.""NEMRUN""","NEMCODE
NEMRUN
NEMSCR",,Works,
983,V11B2,AGD,AGD,Night Stalker ZX,Game,AGD Pack 17,32K+8K,,,,,,,,present,Kees van Oss,AGD/NIGHTST,8200,"CH.""NSRUN""","NSCODE
NSRUN
NSSCR",,Works,
984,V11B2,AGD,AGD,Ninja Garden Simulator,Game,AGD Pack 17,32K+8K,,,,,,,,present,Kees van Oss,AGD/NINJA,8200,"CH.""NINRUN""","NINCODE
NINRUN
NINSCR",,Works,
985,V11B2,AGD,AGD,Oceano,Game,AGD Pack 18,32K+8K,,,,,,,,present,Kees van Oss,AGD/OCEANO,8200,"CH.""OCERUN""","OCECODE
OCERUN
OCESCR",,Works,
986,V11B2,AGD,AGD,Octukitty,Game,AGD Pack 18,32K+8K,,,,,,,,present,Kees van Oss,AGD/OCTUKIT,8200,"CH.""OCTRUN""","OCTCODE
OCTRUN
OCTSCR",,Works,
987,V11B2,AGD,AGD,Ooze,Game,AGD Pack 18,32K+8K,,,,,,,,present,Kees van Oss,AGD/OOZE,8200,"CH.""OOZRUN""","OOZCODE
OOZRUN
OOZSCR",,Works,
988,V11B2,AGD,AGD,Parachute,Game,AGD Pack 19,32K+8K,,,,,,,,present,Kees van Oss,AGD/PARACHU,8200,"CH.""PARRUN""","PARCODE
PARRUN
PARSCR",,Works,
989,V11B2,AGD,AGD,Pages Castle Quest,Game,AGD Pack 19,32K+8K,,,,,,,,present,Kees van Oss,AGD/PCQUEST,8200,"CH.""PCQRUN""","PCQCODE
PCQRUN
PCQSCR",,Works,
990,V11B2,AGD,AGD,Page and the Curse of the Pharaoh,Game,AGD Pack 19,32K+8K,,,,,,,,present,Kees van Oss,AGD/PHARAOH,8200,"CH.""PHARUN""","PHACODE
PHARUN
PHASCR",,Works,
991,V11B2,AGD,AGD,Pick Axe Pete,Game,AGD Pack 20,32K+8K,,,,,,,,present,Kees van Oss,AGD/PICKAXE,8200,"CH.""PAPRUN""","PAPCODE
PAPRUN
PAPSCR",,Works,
992,V11B2,AGD,AGD,Pink Pills Moritz Meds,Game,AGD Pack 15,32K+8K,,,,,,,,present,Kees van Oss,AGD/PINKPIL,8200,"CH.""PPRUN""","PPCODE
PPRUN
PPSCR",,Works,
993,V11B2,AGD,AGD,Popeye,Game,AGD Pack 20,32K+8K,,,,,,,,present,Kees van Oss,AGD/POPEYE,8200,"CH.""POPRUN""","POPCODE
POPRUN
POPSCR",,Works,
994,V11B2,AGD,AGD,Pumpkin Poe,Game,AGD Pack 20,32K+8K,,,,,,,,present,Kees van Oss,AGD/PUMPKIN,8200,"CH.""PKPRUN""","PKPCODE
PKPRUN
PKPSCR",,Works,
995,V11B2,AGD,AGD,QBox,Game,AGD Pack 20,32K+8K,,,,,,,,present,Kees van Oss,AGD/QBOX,8200,"CH.""QBRUN""","QBCODE
QBRUN
QBSCR",,Works,
996,V11B2,AGD,AGD,R2D2,Game,AGD Pack 24,32K+8K,,,,,,,,present,Kees van Oss,AGD/R2D2,8200,"CH.""R2RUN""","R2CODE
R2RUN
R2SCR",,Works,
997,V11B2,AGD,AGD,Rescue Lander,Game,AGD Pack 21,32K+8K,,,,,,,,present,Kees van Oss,AGD/RESCUE,8200,"CH.""RESRUN""","RESCODE
RESRUN
RESSCR",,Works,
998,V11B2,AGD,AGD,Robo Probe,Game,AGD Pack 21,32K+8K,,,,,,,,present,Kees van Oss,AGD/ROBOPRO,8200,"CH.""RPRUN""","RPCODE
RPRUN
RPSCR",,Works,
999,V11B2,AGD,AGD,ROVR,Game,AGD Pack 21,32K+8K,,,,,,,,present,Kees van Oss,AGD/ROVR,8200,"CH.""ROVRUN""","ROVCODE
ROVRUN
ROVSCR",,Works,
1000,V11B2,AGD,AGD,Rubicon,Game,AGD Pack 21,32K+8K,,,,,,,,present,Kees van Oss,AGD/RUBICON,8200,"CH.""RUBRUN""","RUBCODE
RUBRUN
RUBSCR",,Works,
1001,V11B2,AGD,AGD,Santos Christmas Adventure,Game,AGD Pack 22,32K+8K,,,,,,,,present,Kees van Oss,AGD/SANTOS,8200,"CH.""SANRUN""","SANCODE
SANPAN
SANRUN
SANSCR",,Works,
1002,V11B2,AGD,AGD,Robot1 Ship of Doom,Game,AGD Pack 22,32K+8K,,,,,,,,present,Kees van Oss,AGD/SHIPOFD,8200,"CH.""SODRUN""","SODCODE
SODRUN
SODSCR",,Works,
1003,V11B2,AGD,AGD,That Sinking Feeling,Game,AGD Pack 23,32K+8K,,,,,,,,present,Kees van Oss,AGD/SINKING,8200,"CH.""SINRUN""","SINCODE
SINRUN
SINSCR",,Works,
1004,V11B2,AGD,AGD,Sophia,Game,AGD Pack 16,32K+8K,,,,,,,,present,Kees van Oss,AGD/SOPHIA,8200,"CH.""SOPRUN""","SOPCODE
SOPPAN
SOPRUN
SOPSCR",,Works,
1005,V11B2,AGD,AGD,Sorceress,Game,AGD Pack 24,32K+8K,,,,,,,,present,Kees van Oss,AGD/SORCE,8200,"CH.""SO1RUN""","SO1CODE
SO1RUN
SO1SCR",,Works,
1006,V11B2,AGD,AGD,Sorceress2,Game,AGD Pack 24,32K+8K,,,,,,,,present,Kees van Oss,AGD/SORCE2,8200,"CH.""SO2RUN""","SO2CODE
SO2RUN
SO2SCR",,Works,
1007,V11B2,AGD,AGD,Space Junk,Game,AGD Pack 23,32K+8K,,,,,,,,present,Kees van Oss,AGD/SPACEJU,8200,"CH.""SJRUN""","SJCODE
SJRUN
SJSCR",,Works,
1008,V11B2,AGD,AGD,Speccy Pong,Game,AGD Pack 23,32K+8K,,,,,,,,present,Kees van Oss,AGD/SPECCYP,8200,"CH.""PONRUN""","PONCODE
PONRUN
PONSCR",,Works,
1009,V11B2,AGD,AGD,Steel Jeeg,Game,AGD Pack 23,32K+8K,,,,,,,,present,Kees van Oss,AGD/STEEL,8200,"CH.""STERUN""","STECODE
STERUN
STESCR",,Works,
1010,V11B2,AGD,AGD,Tea and Sympathy,Game,AGD Pack 24,32K+8K,,,,,,,,present,Kees van Oss,AGD/TEASYMP,8200,"CH.""TSRUN""","TSCODE
TSRUN
TSSCR",,Works,
1011,V11B2,AGD,AGD,Terrahawks,Game,AGD Pack 25,32K+8K,,,,,,,,present,Kees van Oss,AGD/TERRAHA,8200,"CH.""TERRUN""","TERCODE
TERRUN
TERSCR",,Works,
1012,V11B2,AGD,AGD,The Incredible Shrinking Professor,Game,AGD Pack 25,32K+8K,,,,,,,,present,Kees van Oss,AGD/TISP,8200,"CH.""TISRUN""","TISCODE
TISRUN
TISSCR",,Works,
1013,V11B2,AGD,AGD,Tea Leaf Ted Bear,Game,AGD Pack 25,32K+8K,,,,,,,,present,Kees van Oss,AGD/TLBEAR,8200,"CH.""TLBRUN""","TLBCODE
TLBRUN
TLBSCR",,Works,
1014,V11B2,AGD,AGD,Tea Leaf Ted Man,Game,AGD Pack 25,32K+8K,,,,,,,,present,Kees van Oss,AGD/TLTED,8200,"CH.""TLTRUN""","TLTCODE
TLTRUN
TLTSCR",,Works,
1015,V11B2,AGD,AGD,The Vectornauts,Game,AGD Pack 26,32K+8K,,,,,,,,present,Kees van Oss,AGD/VECTORN,8200,"CH.""VECRUN""","VECCODE
VECRUN
VECSCR",,Works,
1016,V11B2,AGD,AGD,Vintik,Game,AGD Pack 26,32K+8K,,,,,,,,present,Kees van Oss,AGD/VINTIK,8200,"CH.""VINRUN""","VINCODE
VINRUN
VINSCR",,Works,
1017,V11B2,AGD,AGD,Zombo's Christmas Capers,Game,AGD Pack 26,32K+8K,,,,,,,,present,Kees van Oss,AGD/ZOMBOX,8200,"CH.""ZOXRUN""","ZOXCODE
ZOXPAN
ZOXRUN
ZOXSCR",,Works,
1018,V11B2,AGD,AGD,Zukinox,Game,AGD Pack 26,32K+8K,,,,,,,,present,Kees van Oss,AGD/ZUKINOX,8200,"CH.""ZUKRUN""","ZUKCODE
ZUKRUN
ZUKSCR",,Works,
1019,V11B3,AGD,AGD,Astronaut Labyrinth,Game,AGD Pack 27,32K+8K,,,,,,,,present,Kees van Oss,AGD/ASTRONA,8200,"CH.""ASTRUN""","ASTCODE
ASTRUN
ASTSCR",,Works,
1020,V11B3,AGD,AGD,Cronopios Y Famas,Game,AGD Pack 27,32K+8K,,,,,,,,present,Kees van Oss,AGD/CRONOPI,8200,"CH.""CRORUN""","CROCODE
CROPAN
CRORUN
CROSCR",,Works,
1021,V11B3,AGD,AGD,Code Zero,Game,AGD Pack 27,32K+8K,,,,,,,,present,Kees van Oss,AGD/CODEZER,8200,"CH.""CZRUN""","CZCODE
CZRUN
CZSCR",,Works,
1022,V11B3,AGD,AGD,Puzzle Boxes,Game,AGD Pack 27,32K+8K,,,,,,,,present,Kees van Oss,AGD/BOXES,8200,"CH.""BOXRUN""","BOXCODE
BOXRUN
BOXSCR",,Works,
1023,V11B4,AGD,AGD,Astrosmash ZX,Game,AGD Pack 28,32K+8K,,,,,,,,present,Kees van Oss,AGD/ASTROSM,8200,"CH.""ASRUN""","ASCODE
ASRUN
ASSCR",,Works,
1024,V11B4,AGD,AGD,Bubble Frenzy,Game,AGD Pack 28,32K+8K,,,,,,,,present,Kees van Oss,AGD/BUBBLEF,8200,"CH.""BFRUN""","BFCODE
BFRUN
BFSCR",,Works,
1025,V11B4,AGD,AGD,Donkey Kong Jr,Game,AGD Pack 28,32K+8K,,,,,,,,present,Kees van Oss,AGD/DKJR,8200,"CH.""DKJRUN""","DKJCODE
DKJRUN
DKJSCR",,Works,
1026,V11B4,AGD,AGD,Flipping Horace,Game,AGD Pack 28,32K+8K,,,,,,,,present,Kees van Oss,AGD/FLIPHOR,8200,"CH.""FHRUN""","FHCODE
FHRUN
FHSCR",,Works,
1027,V11B3,Non Comm,Non Comm,Colour Test 1,Utility,Test,,,,,,,,,present,David Banks,NC/TEST,8200,"CH.""CLTST1""",CLTST1,,Works,
1028,V11B6,AGD,AGD,Albert the Wolf,Game,AGD Pack 31,32K+8K,,,,,,,,present,Kees van Oss,AGD/ALBERTW,8200,"CH.""AWRUN""","AWCODE
AWRUN
AWSCR",,Works,
1029,V11B6,AGD,AGD,All Hallows,Game,AGD Pack 31,32K+8K,,,,,,,,present,Kees van Oss,AGD/ALLHALL,8200,"CH.""AHRUN""","AHCODE
AHRUN
AHSCR",,Works,
1030,V11B6,AGD,AGD,Angry Birds Opposition,Game,AGD Pack 31,32K+8K,,,,,,,,present,Kees van Oss,AGD/ANGRYBI,8200,"CH.""ABRUN""","ABCODE
ABRUN
ABSCR",,Works,
1031,V11B6,AGD,AGD,Antiquity Jones,Game,AGD Pack 29,32K+8K,,,,,,,,present,Kees van Oss,AGD/ANTIQUI,8200,"CH.""ANTRUN""","ANTCODE
ANTRUN
ANTSCR",,Works,
1032,V11B6,AGD,AGD,Billys Quest,Game,AGD Pack 37,32K+8K,,,,,,,,present,Kees van Oss,AGD/BILQUES,8200,"CH.""BILRUN""","BILCODE
BILRUN
BILSCR",,Works,
1033,V11B6,AGD,AGD,Binary,Game,AGD Pack 32,32K+8K,,,,,,,,present,Kees van Oss,AGD/BINARY,8200,"CH.""BINRUN""","BINCODE
BINPAN
BINRUN
BINSCR",,Works,
1034,V11B6,AGD,AGD,Bob the Blob Xavier,Game,AGD Pack 37,32K+8K,,,,,,,,present,Kees van Oss,AGD/BOBBLOB,8200,"CH.""BOBRUN""","BOBCODE
BOBRUN
BOBSCR",,Works,
1035,V11B6,AGD,AGD,Bot Floater,Game,AGD Pack 37,32K+8K,,,,,,,,present,Kees van Oss,AGD/BOTFLOA,8200,"CH.""BOTRUN""","BOTCODE
BOTRUN
BOTSCR",,Works,
1036,V11B6,AGD,AGD,Battle Tank 3D and some Cr,Game,AGD Pack 33,32K+8K,,,,,,,,present,Kees van Oss,AGD/BTANK3D,8200,"CH.""BT3RUN""","BT3CODE
BT3RUN
BT3SCR",,Works,
1037,V11B6,AGD,AGD,Catch a Hare,Game,AGD Pack 33,32K+8K,,,,,,,,present,Kees van Oss,AGD/CATCHAH,8200,"CH.""CHRUN""","CHCODE
CHRUN
CHSCR",,Works,
1038,V11B6,AGD,AGD,Cattivik level1,Game,AGD Pack 30,32K+8K,,,,,,,,present,Kees van Oss,AGD/CATTI1A,8200,"CH.""C1ARUN""","C1ACODE
C1APAN
C1ARUN
C1ASCR",,Works,
1039,V11B6,AGD,AGD,Cattivik level2,Game,AGD Pack 30,32K+8K,,,,,,,,present,Kees van Oss,AGD/CATTI1B,8200,"CH.""C1BRUN""","C1BCODE
C1BPAN
C1BRUN
C1BSCR",,Works,
1040,V11B6,AGD,AGD,Cattivik level3,Game,AGD Pack 30,32K+8K,,,,,,,,present,Kees van Oss,AGD/CATTI1C,8200,"CH.""C1CRUN""","C1CCODE
C1CPAN
C1CRUN
C1CSCR",,Works,
1041,V11B6,AGD,AGD,Cattivik never Dies,Game,AGD Pack 33,32K+8K,,,,,,,,present,Kees van Oss,AGD/CATTI2,8200,"CH.""CA2RUN""","CA2CODE
CA2RUN
CA2SCR",,Works,
1042,V11B6,AGD,AGD,Cherry Challenge,Game,AGD Pack 37,32K+8K,,,,,,,,present,Kees van Oss,AGD/CHERRY6,8200,"CH.""C68RUN""","C68CODE
C68RUN
C68SCR",,Works,
1043,V11B6,AGD,AGD,Chopperdrop,Game,AGD Pack 29,32K+8K,,,,,,,,present,Kees van Oss,AGD/CHOPPER,8200,"CH.""CDRUN""","CDCODE
CDRUN
CDSCR",,Works,
1044,V11B6,AGD,AGD,Chunk Zone,Game,AGD Pack 33,32K+8K,,,,,,,,present,Kees van Oss,AGD/CHUNKZO,8200,"CH.""CZRUN""","CZCODE
CZRUN",,Works,
1045,V11B6,AGD,AGD,Cousin Horace Chapter 3-Sl,Game,AGD Pack 34,32K+8K,,,,,,,,present,Kees van Oss,AGD/COUSIN3,8200,"CH.""CH3RUN""","CH3CODE
CH3PAN
CH3RUN
CH3SCR",,Works,
1046,V11B6,AGD,AGD,Cousin Horace Chapter 5-To,Game,AGD Pack 34,32K+8K,,,,,,,,present,Kees van Oss,AGD/COUSIN5,8200,"CH.""CH5RUN""","CH5CODE
CH5PAN
CH5RUN
CH5SCR",,Works,
1047,V11B6,AGD,AGD,Dead Flesh Boy,Game,AGD Pack 35,32K+8K,,,,,,,,present,Kees van Oss,AGD/DFLESHB,8200,"CH.""DFBRUN""","DFBCODE
DFBRUN
DFBSCR",,Works,
1048,V11B6,AGD,AGD,Donkey Kong Reloaded Again,Game,AGD Pack 35,32K+8K,,,,,,,,present,Kees van Oss,AGD/DKRELOA,8200,"CH.""DKRRUN""","DKRCODE
DKRRUN
DKRSCR",,Works,
1049,V11B6,AGD,AGD,The Dragon with the Wagon,Game,AGD Pack 38,32K+8K,,,,,,,,present,Kees van Oss,AGD/DRAGNWA,8200,"CH.""DRARUN""","DRACODE
DRARUN
DRASCR",,Works,
1050,V11B6,AGD,AGD,Ferret Buster,Game,AGD Pack 35,32K+8K,,,,,,,,present,Kees van Oss,AGD/FBUSTER,8200,"CH.""FBRUN""","FBCODE
FBRUN",,Works,
1051,V11B6,AGD,AGD,Gerry Andersons UFO,Game,AGD Pack 31,32K+8K,,,,,,,,present,Kees van Oss,AGD/GAUFO,8200,"CH.""GAURUN""","GAUCODE
GAURUN
GAUSCR",,Works,
1052,V11B6,AGD,AGD,Indiana Jones and the Foun,Game,AGD Pack 35,32K+8K,,,,,,,,present,Kees van Oss,AGD/IJONES,8200,"CH.""IJRUN""","IJCODE
IJRUN
IJSCR",,Works,
1053,V11B6,AGD,AGD,Joey Jumpy,Game,AGD Pack 38,32K+8K,,,,,,,,present,Kees van Oss,AGD/JOEYJUM,8200,"CH.""JOERUN""","JOECODE
JOERUN
JOESCR",,Works,
1054,V11B6,AGD,AGD,Crazy Kong City-Episode1-S,Game,AGD Pack 34,32K+8K,,,,,,,,present,Kees van Oss,AGD/KONG1,8200,"CH.""K1RUN""","K1CODE
K1RUN
K1SCR",,Works,
1055,V11B6,AGD,AGD,Crazy Kong City-Episode2-S,Game,AGD Pack 34,32K+8K,,,,,,,,present,Kees van Oss,AGD/KONG2,8200,"CH.""K2RUN""","K2CODE
K2RUN
K2SCR",,Works,
1056,V11B6,AGD,AGD,Krap Park,Game,AGD Pack 32,32K+8K,,,,,,,,present,Kees van Oss,AGD/KRAPPAR,8200,"CH.""KPRUN""","KPCODE
KPRUN
KPSCR",,Works,
1057,V11B6,AGD,AGD,Kyd Cadet,Game,AGD Pack 36,32K+8K,,,,,,,,present,Kees van Oss,AGD/KYD1,8200,"CH.""K1RUN""","K1CODE
K1RUN
K1SCR",,Works,
1058,V11B6,AGD,AGD,Kyd Cadet II The Rescue of,Game,AGD Pack 36,32K+8K,,,,,,,,present,Kees van Oss,AGD/KYD2,8200,"CH.""K2RUN""","K2CODE
K2RUN
K2SCR",,Works,
1059,V11B6,AGD,AGD,Kyd Cadet 3 The Eyeburx Pl,Game,AGD Pack 36,32K+8K,,,,,,,,present,Kees van Oss,AGD/KYD3,8200,"CH.""K3RUN""","K3CODE
K3RUN
K3SCR",,Works,
1060,V11B6,AGD,AGD,Lost in Space,Game,AGD Pack 38,32K+8K,,,,,,,,present,Kees van Oss,AGD/LINSPAC,8200,"CH.""LINRUN""","LINCODE
LINRUN
LINSCR",,Works,
1061,V11B6,AGD,AGD,Lost Little Spaceman,Game,AGD Pack 32,32K+8K,,,,,,,,present,Kees van Oss,AGD/LLSPACE,8200,"CH.""LLSRUN""","LLSCODE
LLSRUN
LLSSCR",,Works,
1062,V11B6,AGD,AGD,Lost in my Spectrum,Game,AGD Pack 30,32K+8K,,,,,,,,present,Kees van Oss,AGD/LOSTSPE,8200,"CH.""LISRUN""","LISCODE
LISRUN
LISSCR",,Works,
1063,V11B6,AGD,AGD,Last Human,Game,AGD Pack 38,32K+8K,,,,,,,,present,Kees van Oss,AGD/LSTHUMA,8200,"CH.""LSTRUN""","LSTCODE
LSTRUN
LSTSCR",,Works,
1064,V11B6,AGD,AGD,Lupo Alberto,Game,AGD Pack 36,32K+8K,,,,,,,,present,Kees van Oss,AGD/LUPOALB,8200,"CH.""LARUN""","LACODE
LARUN
LASCR",,Works,
1065,V11B6,AGD,AGD,Mark gets sucked in,Game,AGD Pack 39,32K+8K,,,,,,,,present,Kees van Oss,AGD/MGSI,8200,"CH.""MGSRUN""","MGSCODE
MGSRUN
MGSSCR",,Works,
1066,V11B6,AGD,AGD,Mission on Mars,Game,AGD Pack 39,32K+8K,,,,,,,,present,Kees van Oss,AGD/MISSMAR,8200,"CH.""MARRUN""","MARCODE
MARRUN
MARSCR",,Works,
1067,V11B6,AGD,AGD,Platform Prodigy,Game,AGD Pack 39,32K+8K,,,,,,,,present,Kees van Oss,AGD/PLTFPDG,8200,"CH.""PLTRUN""","PLTCODE
PLTRUN
PLTSCR",,Works,
1068,V11B6,AGD,AGD,The Quest to become King,Game,AGD Pack 39,32K+8K,,,,,,,,present,Kees van Oss,AGD/QBECKIN,8200,"CH.""QBKRUN""","QBKCODE
QBKRUN
QBKSCR",,Works,
1069,V11B6,AGD,AGD,Randomator,Game,AGD Pack 40,32K+8K,,,,,,,,present,Kees van Oss,AGD/RNDMATO,8200,"CH.""RNDRUN""","RNDCODE
RNDRUN
RNDSCR",,Works,
1070,V11B6,AGD,AGD,Robot The Impossible Missi,Game,AGD Pack 32,32K+8K,,,,,,,,present,Kees van Oss,AGD/ROBOT,8200,"CH.""ROBRUN""","ROBCODE
ROBPAN
ROBRUN
ROBSCR",,Works,
1071,V11B6,AGD,AGD,Rocky Roads and Divots,Game,AGD Pack 40,32K+8K,,,,,,,,present,Kees van Oss,AGD/ROCKROD,8200,"CH.""RRRUN""","RRCODE
RRRUN
RRSCR",,Works,
1072,V11B6,AGD,AGD,Rudolph rescues Xmas,Game,AGD Pack 40,32K+8K,,,,,,,,present,Kees van Oss,AGD/RUDXMAS,8200,"CH.""RUDRUN""","RUDCODE
RUDRUN
RUDSCR",,Works,
1073,V11B6,AGD,AGD,STW Theme Park,Game,AGD Pack 40,32K+8K,,,,,,,,present,Kees van Oss,AGD/STWTP,8200,"CH.""STWRUN""","STWCODE
STWRUN
STWSCR",,Works,
1074,V11B6,AGD,AGD,Tiki Temple,Game,AGD Pack 41,32K+8K,,,,,,,,present,Kees van Oss,AGD/TIKITMP,8200,"CH.""TTRUN""","TTCODE
TTRUN
TTSCR",,Works,
1075,V11B6,AGD,AGD,Timothys Travels,Game,AGD Pack 41,32K+8K,,,,,,,,present,Kees van Oss,AGD/TIMTRAV,8200,"CH.""TIMRUN""","TIMCODE
TIMRUN
TIMSCR",,Works,
1076,V11B6,AGD,AGD,Toofy in Fan Land,Game,AGD Pack 29,32K+8K,,,,,,,,present,Kees van Oss,AGD/TOOFY1,8200,"CH.""TO1RUN""","TO1CODE
TO1RUN
TO1SCR",,Works,
1077,V11B6,AGD,AGD,Toofys Winter Nuts,Game,AGD Pack 29,32K+8K,,,,,,,,present,Kees van Oss,AGD/TOOFY2,8200,"CH.""TO2RUN""","TO2CODE
TO2RUN
TO2SCR",,Works,
1078,V11B6,AGD,AGD,Trick or Troll,Game,AGD Pack 41,32K+8K,,,,,,,,present,Kees van Oss,AGD/TRIKTRO,8200,"CH.""TRIRUN""","TRICODE
TRIRUN
TRISCR",,Works,
1079,V11B6,AGD,AGD,Zoes Adventure,Game,AGD Pack 41,32K+8K,,,,,,,,present,Kees van Oss,AGD/ZOESADV,8200,"CH.""ZOERUN""","ZOECODE
ZOERUN
ZOESCR",,Works,
1080,V11B7,AGD,AGD,Andys Escape,Game,AGD Pack 42,32K+8K,,,,,,,,present,Kees van Oss,AGD/ANDYSES,8200,"CH.""AERUN""","AECODE
AERUN",,Works,
1081,V11B7,AGD,AGD,Being Left is not Right,Game,AGD Pack 48,32K+8K,,,,,,,,present,Kees van Oss,AGD/BEINGLE,8200,"CH.""BLRUN""","BLCODE
BLRUN
BLSCR",,Works,
1082,V11B7,AGD,AGD,Deadzone,Game,AGD Pack 42,32K+8K,,,,,,,,present,Kees van Oss,AGD/DEADZON,8200,"CH.""DZRUN""","DZCODE
DZPAN
DZRUN
DZSCR",,Works,
1083,V11B7,AGD,AGD,Doompit part1,Game,AGD Pack 51,32K+8K,,,,,,,,present,Kees van Oss,AGD/DOOMPT1,8200,"CH.""DP1RUN""","DP1CODE
DP1PAN
DP1RUN
DP1SCR",,Works,
1084,V11B7,AGD,AGD,Doompit part2,Game,AGD Pack 51,32K+8K,,,,,,,,present,Kees van Oss,AGD/DOOMPT2,8200,"CH.""DP2RUN""","DP2CODE
DP2PAN
DP2RUN
DP2SCR",,Works,
1085,V11B7,AGD,AGD,Doompit part3,Game,AGD Pack 51,32K+8K,,,,,,,,present,Kees van Oss,AGD/DOOMPT3,8200,"CH.""DP3RUN""","DP3CODE
DP3PAN
DP3RUN
DP3SCR",,Works,
1086,V11B7,AGD,AGD,Funky Fungus part 2,Game,AGD Pack 43,32K+8K,,,,,,,,present,Kees van Oss,AGD/FUNGUS2,8200,"CH.""F2RUN""","F2CODE
F2PAN
F2RUN
F2SCR",,Works,
1087,V11B7,AGD,AGD,Funky Fungus part 3,Game,AGD Pack 43,32K+8K,,,,,,,,present,Kees van Oss,AGD/FUNGUS3,8200,"CH.""F3RUN""","F3CODE
F3PAN
F3RUN
F3SCR",,Works,
1088,V11B7,AGD,AGD,Funky Fungus part 4,Game,AGD Pack 43,32K+8K,,,,,,,,present,Kees van Oss,AGD/FUNGUS4,8200,"CH.""F4RUN""","F4CODE
F4PAN
F4RUN
F4SCR",,Works,
1089,V11B7,AGD,AGD,Generatio Digital,Game,AGD Pack 42,32K+8K,,,,,,,,present,Kees van Oss,AGD/GENERAC,8200,"CH.""GDRUN""","GDCODE
GDRUN
GDSCR",,Works,
1090,V11B7,AGD,AGD,Find the Green Room,Game,AGD Pack 42,32K+8K,,,,,,,,present,Kees van Oss,AGD/GREENRO,8200,"CH.""GRRUN""","GRCODE
GRRUN",,Works,
1091,V11B7,AGD,AGD,Knight Hero White,Game,AGD Pack 49,32K+8K,,,,,,,,present,Kees van Oss,AGD/KNIGHTW,8200,"CH.""KWRUN""","KWCODE
KWRUN
KWSCR",,Works,
1092,V11B7,AGD,AGD,Meteromania,Game,AGD Pack 50,32K+8K,,,,,,,,present,Kees van Oss,AGD/METEORM,8200,"CH.""MMRUN""","MMCODE
MMRUN
MMSCR",,Works,
1093,V11B7,AGD,AGD,Monkey J The Treasure of t,Game,AGD Pack 50,32K+8K,,,,,,,,present,Kees van Oss,AGD/MONKEY,8200,"CH.""MJRUN""","MJCODE
MJRUN",,Works,
1094,V11B7,AGD,AGD,Montys Last Strike,Game,AGD Pack 43,32K+8K,,,,,,,,present,Kees van Oss,AGD/MONTYLS,8200,"CH.""MLSRUN""","MLSCODE
MLSRUN",,Works,
1095,V11B7,AGD,AGD,Moritz,Game,AGD Pack 44,32K+8K,,,,,,,,present,Kees van Oss,AGD/MORITZ,8200,"CH.""MORUN""","MOCODE
MORUN
MOSCR",,Works,
1096,V11B7,AGD,AGD,Mouser,Game,AGD Pack 44,32K+8K,,,,,,,,present,Kees van Oss,AGD/MOUSER,8200,"CH.""MOURUN""","MOUCODE
MOURUN
MOUSCR",,Works,
1097,V11B7,AGD,AGD,Mysterious Dimensions Pt1,Game,AGD Pack 46,32K+8K,,,,,,,,present,Kees van Oss,AGD/MYSTER,8200,"CH.""M1RUN""","M1CODE
M1PAN
M1RUN
M1SCR",,Works,
1098,V11B7,AGD,AGD,Mysterious Dimensions Pt2,Game,AGD Pack 46,32K+8K,,,,,,,,present,Kees van Oss,AGD/MYSTER2,8200,"CH.""M2RUN""","M2CODE
M2PAN
M2RUN
M2SCR",,Works,
1099,V11B7,AGD,AGD,Nixy the Glade Sprite,Game,AGD Pack 44,32K+8K,,,,,,,,present,Kees van Oss,AGD/NIXY,8200,"CH.""NIXRUN""","NIXCODE
NIXRUN
NIXSCR",,Works,
1100,V11B7,AGD,AGD,Nixy The Seeds of Doom,Game,AGD Pack 51,32K+8K,,,,,,,,present,Kees van Oss,AGD/NIXY2,8200,"CH.""NI2RUN""","NI2CODE
NI2RUN
NI2SCR",,Works,
1101,V11B7,AGD,AGD,Oh La La,Game,AGD Pack 44,32K+8K,,,,,,,,present,Kees van Oss,AGD/OHLALA,8200,"CH.""OLLRUN""","OLLCODE
OLLRUN",,Works,
1102,V11B7,AGD,AGD,Operation Labyrinth Fall,Game,AGD Pack 45,32K+8K,,,,,,,,present,Kees van Oss,AGD/OPLABFA,8200,"CH.""OLFRUN""","OLFCODE
OLFRUN
OLFSCR",,Works,
1103,V11B7,AGD,AGD,Pengo Quest,Game,AGD Pack 45,32K+8K,,,,,,,,present,Kees van Oss,AGD/PENGO,8200,"CH.""PENRUN""","PENCODE
PENRUN
PENSCR
PRNRUN",,Works,
1104,V11B7,AGD,AGD,Percy Penguin in The Prese,Game,AGD Pack 45,32K+8K,,,,,,,,present,Kees van Oss,AGD/PERCY,8200,"CH.""PPRUN""","PPCODE
PPRUN
PPSCR",,Works,
1105,V11B7,AGD,AGD,Prospector,Game,AGD Pack 45,32K+8K,,,,,,,,present,Kees van Oss,AGD/PROSPEC,8200,"CH.""PRORUN""","PROCODE
PRORUN
PROSCR",,Works,
1106,V11B7,AGD,AGD,PTM,Game,AGD Pack 46,32K+8K,,,,,,,,present,Kees van Oss,AGD/PTM,8200,"CH.""PTMRUN""","PTMCODE
PTMRUN
PTMSCR",,Works,
1107,V11B7,AGD,AGD,Quahappy,Game,AGD Pack 46,32K+8K,,,,,,,,present,Kees van Oss,AGD/QUAHAPP,8200,"CH.""QHRUN""","QHCODE
QHRUN
QHSCR",,Works,
1108,V11B7,AGD,AGD,Robots Rumble,Game,AGD Pack 49,32K+8K,,,,,,,,present,Kees van Oss,AGD/ROBOTSR,8200,"CH.""RRRUN""","RRCODE
RRRUN
RRSCR",,Works,
1109,V11B7,AGD,AGD,Sc0tb0t,Game,AGD Pack 50,32K+8K,,,,,,,,present,Kees van Oss,AGD/SC0TB0T,8200,"CH.""SBRUN""","SBCODE
SBRUN
SBSCR",,Works,
1110,V11B7,AGD,AGD,Seto Taiso to Kazan,Game,AGD Pack 47,32K+8K,,,,,,,,present,Kees van Oss,AGD/SETOKAZ,8200,"CH.""SKRUN""","SKCODE
SKPAN
SKRUN
SKSCR",,Works,
1111,V11B7,AGD,AGD,Seto Taisho to Kazan,Game,AGD Pack 50,32K+8K,,,,,,,,present,Kees van Oss,AGD/SETOYOK,8200,"CH.""SYRUN""","SYCODE
SYPAN
SYRUN
SYSCR",,Works,
1112,V11B7,AGD,AGD,Sophia II Part 1,Game,AGD Pack 48,32K+8K,,,,,,,,present,Kees van Oss,AGD/SOPHI21,8200,"CH.""S21RUN""","S21CODE
S21PAN
S21RUN
S21SCR",,Works,
1113,V11B7,AGD,AGD,Sophia II Part 2,Game,AGD Pack 48,32K+8K,,,,,,,,present,Kees van Oss,AGD/SOPHI22,8200,"CH.""S22RUN""","S22CODE
S22PAN
S22RUN
S22SCR",,Works,
1114,V11B7,AGD,AGD,Sophia II Part 3,Game,AGD Pack 48,32K+8K,,,,,,,,present,Kees van Oss,AGD/SOPHI23,8200,"CH.""S23RUN""","S23CODE
S23PAN
S23RUN
S23SCR",,Works,
1115,V11B7,AGD,AGD,Space Disposal,Game,AGD Pack 47,32K+8K,,,,,,,,present,Kees van Oss,AGD/SPACEDI,8200,"CH.""SDRUN""","SDCODE
SDRUN
SDSCR",,Works,
1116,V11B7,AGD,AGD,Super 48k Box,Game,AGD Pack 49,32K+8K,,,,,,,,present,Kees van Oss,AGD/SUPER48,8200,"CH.""SBRUN""","SBCODE
SBRUN
SBSCR",,Works,
1117,V11B7,AGD,AGD,Terrapins,Game,AGD Pack 49,32K+8K,,,,,,,,present,Kees van Oss,AGD/TERRAPI,8200,"CH.""TPRUN""","TPCODE
TPRUN
TPSCR",,Works,
1118,V11B7,AGD,AGD,Zbylut Owrzodzien,Game,AGD Pack 47,32K+8K,,,,,,,,present,Kees van Oss,AGD/ZBYLUT,8200,"CH.""ZBRUN""","ZBCODE
ZBPAN
ZBRUN
ZBSCR",,Works,
1119,V11B7,AGD,AGD,Zombo,Game,AGD Pack 47,32K+8K,,,,,,,,present,Kees van Oss,AGD/ZOMBO,8200,"CH.""ZORUN""","ZOCODE
ZOPAN
ZORUN
ZOSCR",,Works,
1120,V11B7,AGD,AGD,*AGD Demo Carousel*,Game,,32K+6K,,,,,,,,present,Kees van Oss,AGD,8200,"CH.""SHOW1""","SHOW1
SHOW2
SHOW2E
SHOW3
SHOW3E
DISOLV",,Works,
1121,V11B7,Non Comm,Non Comm,Jackpot,Game,,32K+8K,Yes,Yes,No,No,,,,present,,NC,8400,*RUN JACKPOT,"JACKPOT
J-PROG
J-SHAPE",,Works,
1122,,Comm,Computer Concepts,Softscreen,Utility,,,,,,,,,,missing,,,,,,,Advert in Computing Today March 82,
1123,,Comm,Computer Concepts,Invaders,Game,,,,,,,,,,missing,,,,,,,Advert in Computing Today March 82,
1124,,Comm,Computer Concepts,Alarn Clock,Utility,,,,,,,,,,missing,,,,,,,Advert in Computing Today March 82,
1125,,Comm,Computer Concepts,Sound Effects,Utility,,,,,,,,,,missing,,,,,,,Advert in Computing Today March 82,
1126,V12B1,AGD,AGD,Alchemist II,Game,AGD Pack 52,32K+8K,,,,,,,,present,Kees van Oss,AGD/ALCHEM2,8200,"CH.""AL2RUN""","AL2CODE
AL2RUN
AL2SCR",,Works,
1127,V12B1,AGD,AGD,Amongbad,Game,AGD Pack 52,32K+8K,,,,,,,,present,Kees van Oss,AGD/AMONGBA,8200,"CH.""ABRUN""","ABCODE
ABRUN
ABSCR",,Works,
1128,V12B1,AGD,AGD,Apulija-13,Game,AGD Pack 52,32K+8K,,,,,,,,present,Kees van Oss,AGD/APULIJA,8200,"CH.""APRUN""","APCODE
APPAN
APRUN
APSCR",,Works,
1129,V12B1,AGD,AGD,Blimpgeddon,Game,AGD Pack 52,32K+8K,,,,,,,,present,Kees van Oss,AGD/BLIMPGE,8200,"CH.""BGRUN""","BGCODE
BGRUN
BGSCR",,Works,
1130,V12B1,AGD,AGD,Agent Blue Daytime,Game,AGD Pack 53,32K+8K,,,,,,,,present,Kees van Oss,AGD/BLUEDAY,8200,"CH.""BLDRUN""","BLDCODE
BLDRUN
BLDSCR",,Works,
1131,V12B1,AGD,AGD,Agent Blue Nighttime,Game,AGD Pack 53,32K+8K,,,,,,,,present,Kees van Oss,AGD/BLUENIG,8200,"CH.""BLNRUN""","BLNCODE
BLNRUN
BLNSCR",,Works,
1132,V12B1,AGD,AGD,Bulletstorm,Game,AGD Pack 53,32K+8K,,,,,,,,present,Kees van Oss,AGD/BULLETS,8200,"CH.""BSRUN""","BSCODE
BSRUN
BSSCR",,Works,
1133,V12B1,AGD,AGD,Chiquito,Game,AGD Pack 53,32K+8K,,,,,,,,present,Kees van Oss,AGD/CHIQUIT,8200,"CH.""CHRUN""","CHCODE
CHRUN
CHSCR",,Works,
1134,V12B1,AGD,AGD,Code112,Game,AGD Pack 54,32K+8K,,,,,,,,present,Kees van Oss,AGD/CODE112,8200,"CH.""112RUN""","112CODE
112PAN
112RUN
112SCR",,Works,
1135,V12B1,AGD,AGD,Deepcore Raider,Game,AGD Pack 54,32K+8K,,,,,,,,present,Kees van Oss,AGD/DCRAIDE,8200,"CH.""DCRUN""","DCCODE
DCRUN
DCSCR",,Works,
1136,V12B1,AGD,AGD,Dirty Dozer,Game,AGD Pack 54,32K+8K,,,,,,,,present,Kees van Oss,AGD/DIRTYDO,8200,"CH.""DDRUN""","DDCODE
DDPAN
DDRUN
DDSCR",,Works,
1137,V12B1,AGD,AGD,Donkey Kong jr2,Game,AGD Pack 54,32K+8K,,,,,,,,present,Kees van Oss,AGD/DKJR2,8200,"CH.""JR2RUN""","JR2CODE
JR2RUN",,Works,
1138,V12B1,AGD,AGD,Donkey Kong Reloaded,Game,AGD Pack 55,32K+8K,,,,,,,,present,Kees van Oss,AGD/DKRELO,8200,"CH.""DKRRUN""","DKRCODE
DKRRUN
DKRSCR",,Works,
1139,V12B1,AGD,AGD,Flype,Game,AGD Pack 55,32K+8K,,,,,,,,present,Kees van Oss,AGD/FLYPE,8200,"CH.""FLRUN""","FLCODE
FLRUN
FLSCR",,Works,
1140,V12B1,AGD,AGD,Fungus Reloaded 1,Game,AGD Pack 56,32K+8K,,,,,,,,present,Kees van Oss,AGD/FUNGS21,8200,"CH.""F21RUN""","F21CODE
F21PAN
F21RUN
F21SCR",,Works,
1141,V12B1,AGD,AGD,Fungus Reloaded 2,Game,AGD Pack 56,32K+8K,,,,,,,,present,Kees van Oss,AGD/FUNGS22,8200,"CH.""F22RUN""","F22CODE
F22PAN
F22RUN
F22SCR",,Works,
1142,V12B1,AGD,AGD,Fungus Reloaded 3,Game,AGD Pack 56,32K+8K,,,,,,,,present,Kees van Oss,AGD/FUNGS23,8200,"CH.""F23RUN""","F23CODE
F23PAN
F23RUN
F23SCR",,Works,
1143,V12B1,AGD,AGD,Fungus Reloaded 4,Game,AGD Pack 56,32K+8K,,,,,,,,present,Kees van Oss,AGD/FUNGS24,8200,"CH.""F24RUN""","F24CODE
F24PAN
F24RUN
F24SCR",,Works,
1144,V12B1,AGD,AGD,Fungus Reloaded Boss,Game,AGD Pack 56,32K+8K,,,,,,,,present,Kees van Oss,AGD/FUNGS25,8200,"CH.""F25RUN""","F25CODE
F25PAN
F25RUN
F25SCR",,Works,
1145,V12B1,AGD,AGD,Gherkins Christmas Carnage,Game,AGD Pack 55,32K+8K,,,,,,,,present,Kees van Oss,AGD/GHERKIN,8200,"CH.""GXRUN""","GXCODE
GXRUN
GXSCR",,Works,
1146,V12B1,AGD,AGD,Gnoni 2020,Game,AGD Pack 57,32K+8K,,,,,,,,present,Kees van Oss,AGD/GNONI,8200,"CH.""GNRUN""","GNCODE
GNRUN
GNSCR",,Works,
1147,V12B1,AGD,AGD,Laetitia 1,Game,AGD Pack 58,32K+8K,,,,,,,,present,Kees van Oss,AGD/LAETIT1,8200,"CH.""L1RUN""","L1CODE
L1RUN
L1SCR",,Works,
1148,V12B1,AGD,AGD,Laetitia 2,Game,AGD Pack 58,32K+8K,,,,,,,,present,Kees van Oss,AGD/LAETIT2,8200,"CH.""L2RUN""","L2CODE
L2RUN
L2SCR",,Works,
1149,V12B1,AGD,AGD,Laetitia 3,Game,AGD Pack 58,32K+8K,,,,,,,,present,Kees van Oss,AGD/LAETIT3,8200,"CH.""L3RUN""","L3CODE
L3RUN
L3SCR",,Works,
1150,V12B1,AGD,AGD,Laetitia 4,Game,AGD Pack 58,32K+8K,,,,,,,,present,Kees van Oss,AGD/LAETIT4,8200,"CH.""L4RUN""","L4CODE
L4RUN
L4SCR",,Works,
1151,V12B1,AGD,AGD,Lost Cavern,Game,AGD Pack 57,32K+8K,,,,,,,,present,Kees van Oss,AGD/LOSTCAV,8200,"CH.""LCRUN""","LCCODE
LCRUN
LCSCR",,Works,
1152,V12B1,AGD,AGD,Lost Island,Game,AGD Pack 57,32K+8K,,,,,,,,present,Kees van Oss,AGD/LSTILND,8200,"CH.""LIRUN""","LICODE
LIRUN
LISCR",,Works,
1153,V12B1,AGD,AGD,Magicable,Game,AGD Pack 57,32K+8K,,,,,,,,present,Kees van Oss,AGD/MAGICAB,8200,"CH.""MARUN""","MACODE
MARUN
MASCR",,Works,
1154,V12B1,AGD,AGD,Akane,Game,AGD Pack 62,32K+8K,,,,,,,,present,Kees van Oss,AGD/AKANE,8200,"CH.""AKRUN""","AKCODE
AKRUN
AKSCR",,Works,
1155,V12B1,AGD,AGD,Monty Mole and The Lost So,Game,AGD Pack 59,32K+8K,,,,,,,,present,Kees van Oss,AGD/MONTYTL,8200,"CH.""MTLRUN""","MTLCODE
MTLRUN
MTLSCR",,Works,
1156,V12B1,AGD,AGD,Mr Hair Adventure,Game,AGD Pack 59,32K+8K,,,,,,,,present,Kees van Oss,AGD/MRHAIRA,8200,"CH.""MHARUN""","MHACODE
MHARUN
MHASCR",,Works,
1157,V12B1,AGD,AGD,Omelettes for breakfast,Game,AGD Pack 59,32K+8K,,,,,,,,present,Kees van Oss,AGD/OMELETT,8200,"CH.""OMRUN""","OMCODE
OMRUN",,Works,
1158,V12B1,AGD,AGD,Stripping Penelope 18+,Game,AGD Pack 59,32K+8K,,,,,,,,present,Kees van Oss,AGD/PENELOP,8200,"CH.""PERUN""","PECODE
PERUN",,Works,
1159,V12B1,AGD,AGD,Quest for Elements,Game,AGD Pack 60,32K+8K,,,,,,,,present,Kees van Oss,AGD/QUEST,8200,"CH.""QFERUN""","QFECODE
QFERUN
QFESCR",,Works,
1160,V12B1,AGD,AGD,The Shining,Game,AGD Pack 60,32K+8K,,,,,,,,present,Kees van Oss,AGD/SHINING,8200,"CH.""SHRUN""","SHCODE
SHRUN
SHSCR",,Works,
1161,V12B1,AGD,AGD,Castle of Sorrow,Game,AGD Pack 60,32K+8K,,,,,,,,present,Kees van Oss,AGD/SORROW,8200,"CH.""CSRUN""","CSCODE
CSRUN
CSSCR",,Works,
1162,V12B1,AGD,AGD,Springbot,Game,AGD Pack 60,32K+8K,,,,,,,,present,Kees van Oss,AGD/SPRINGB,8200,"CH.""SBRUN""","SBCODE
SBRUN
SBSCR",,Works,
1163,V12B1,AGD,AGD,Sprouty,Game,AGD Pack 61,32K+8K,,,,,,,,present,Kees van Oss,AGD/SPROUTY,8200,"CH.""SPRUN""","SPCODE
SPRUN
SPSCR",,Works,
1164,V12B1,AGD,AGD,Moritz the Striker,Game,AGD Pack 61,32K+8K,,,,,,,,present,Kees van Oss,AGD/STRIKER,8200,"CH.""STRUN""","STCODE
STRUN
STSCR",,Works,
1165,V12B1,AGD,AGD,Tank,Game,AGD Pack 61,32K+8K,,,,,,,,present,Kees van Oss,AGD/TANK,8200,"CH.""TARUN""","TACODE
TARUN
TASCR",,Works,
1166,V12B1,AGD,AGD,Toofys Nutty Nightmare,Game,AGD Pack 61,32K+8K,,,,,,,,present,Kees van Oss,AGD/TOOFY3,8200,"CH.""TO3RUN""","TO3CODE
TO3RUN
TO3SCR",,Works,
1167,V12B1,AGD,AGD,Trasmoz,Game,AGD Pack 62,32K+8K,,,,,,,,present,Kees van Oss,AGD/TRASMOZ,8200,"CH.""TRRUN""","TRCODE
TRRUN
TRSCR",,Works,
1168,V12B1,AGD,AGD,UFO,Game,AGD Pack 62,32K+8K,,,,,,,,present,Kees van Oss,AGD/UFO,8200,"CH.""UFORUN""","UFOCODE
UFORUN
UFOSCR",,Works,
1169,V12B1,AGD,AGD,Vampire Vengeance,Game,AGD Pack 62,32K+8K,,,,,,,,present,Kees van Oss,AGD/VAMPIRE,8200,"CH.""VVRUN""","VVCODE
VVRUN
VVSCR",,Works,
1170,V1202,Modern,Non Comm,Adventure,Adventure,OZMOO,32K+6K,,,,,,,,present,Will Crowther and Don Woods,OZMOO/ADVENT,8200,*RUN VDUMENU,"VDUMENU
GAME.DSK
LOADER
OZMOO2P",,Test,
1171,V1202,Modern,Non Comm,Alien Research Centre 3,Adventure,OZMOO,32K+6K,,,,,,,,present,John Wilson,OZMOO/ARC3,8200,*RUN VDUMENU,"VDUMENU
GAME.DSK
LOADER
OZMOO2P",,Test,
1172,V1202,Modern,Non Comm,Behind Closed Doors 9,Adventure,OZMOO,32K+6K,,,,,,,,present,John Wilson,OZMOO/BCD9,8200,*RUN VDUMENU,"VDUMENU
GAME.DSK
LOADER
OZMOO2P",,Test,
1173,V1202,Modern,Infocom,Beyond Zork,Adventure,OZMOO,32K+6K,,,,,,,,present,Brian Moriarty,OZMOO/BEYZORK,8200,*RUN VDUMENU,"VDUMENU
GAME.DSK
LOADER
OZMOO2P",,Test,
1174,V1202,Modern,Non Comm,Calypso,Adventure,OZMOO,32K+6K,,,,,,,,present,Dave Footitt,OZMOO/CALYPSO,8200,*RUN VDUMENU,"VDUMENU
GAME.DSK
LOADER
OZMOO2P",,Test,
1175,V1202,Modern,Non Comm,Hibernated 1 - Dir's Cut,Adventure,OZMOO,32K+6K,,,,,,,,present,Stefan Vogt,OZMOO/HIBER1,8200,*RUN VDUMENU,"VDUMENU
GAME.DSK
LOADER
OZMOO2P",,Test,
1176,V1202,Modern,Infocom,Hitchhiker's Guide,Adventure,OZMOO,32K+6K,,,,,,,,present,"Douglas Adams, Steve Meretzky",OZMOO/HITCH,8200,*RUN VDUMENU,"VDUMENU
GAME.DSK
LOADER
OZMOO2P",,Test,
1177,V1202,Modern,Infocom,Hollywood Hijinx,Adventure,OZMOO,32K+6K,,,,,,,,present,"Dave Anderson, Liz Cyr-Jones",OZMOO/HOLLY,8200,*RUN VDUMENU,"VDUMENU
GAME.DSK
LOADER
OZMOO2P",,Test,
1178,V1202,Modern,Non Comm,The Job R5,Adventure,OZMOO,32K+6K,,,,,,,,present,Fredrik Ramsberg,OZMOO/THEJOB,8200,*RUN VDUMENU,"VDUMENU
GAME.DSK
LOADER
OZMOO2P",,Test,
1179,V1202,Modern,Infocom,Leather Goddesses,Adventure,OZMOO,32K+6K,,,,,,,,present,Steve Meretzky,OZMOO/LEATHER,8200,*RUN VDUMENU,"VDUMENU
GAME.DSK
LOADER
OZMOO2P",,Test,
1180,V1202,Modern,Infocom,Planetfall,Adventure,OZMOO,32K+6K,,,,,,,,present,Steve Meretzky,OZMOO/PLANET,8200,*RUN VDUMENU,"VDUMENU
GAME.DSK
LOADER
OZMOO2P",,Test,
1181,V1202,Modern,Infocom,Wishbringer,Adventure,OZMOO,32K+6K,,,,,,,,present,Brian Moriarty,OZMOO/WISH,8200,*RUN VDUMENU,"VDUMENU
GAME.DSK
LOADER
OZMOO2P",,Test,
1182,V1202,Modern,Infocom,Zork1,Adventure,OZMOO,32K+6K,,,,,,,,present,"Dave Liebling, Marc Blank",OZMOO/ZORK1,8200,*RUN VDUMENU,"VDUMENU
GAME.DSK
LOADER
OZMOO2P",,Test,
1183,V1202,Modern,Infocom,Zork2,Adventure,OZMOO,32K+6K,,,,,,,,present,"Dave Liebling, Marc Blank",OZMOO/ZORK2,8200,*RUN VDUMENU,"VDUMENU
GAME.DSK
LOADER
OZMOO2P",,Test,
1184,V1202,Modern,Infocom,Zork3,Adventure,OZMOO,32K+6K,,,,,,,,present,"Dave Liebling, Marc Blank",OZMOO/ZORK3,8200,*RUN VDUMENU,"VDUMENU
GAME.DSK
LOADER
OZMOO2P",,Test,
1185,V13B1,AGD,AGD,Aunt Rose,Game,AGD Pack 63,32K+8K,,,,,,,,present,Kees van Oss,AGD/AUNTROS,8200,"CH.""ARRUN""","ARCODE
ARRUN
ARSCR",,Test,
1186,V13B1,AGD,AGD,Bandito,Game,AGD Pack 63,32K+8K,,,,,,,,present,Kees van Oss,AGD/BANDITO,8200,"CH.""BARUN""","BACODE
BARUN
BASCR",,Test,
1187,V13B1,AGD,AGD,Beef,Game,AGD Pack 63,32K+8K,,,,,,,,present,Kees van Oss,AGD/BEEF,8200,"CH.""BERUN""","BECODE
BERUN
BESCR",,Test,
1188,V13B1,AGD,AGD,Bola ke Ase,Game,AGD Pack 63,32K+8K,,,,,,,,present,Kees van Oss,AGD/BOLA,8200,"CH.""BORUN""","BOCODE
BORUN
BOSCR",,Test,
1189,V13B1,AGD,AGD,Bomb Bomb Buster,Game,AGD Pack 64,32K+8K,,,,,,,,present,Kees van Oss,AGD/BOMBBOM,8200,"CH.""BBRUN""","BBCODE
BBRUN
BBSCR",,Test,
1190,V13B1,AGD,AGD,Bunny vs Fox,Game,AGD Pack 64,32K+8K,,,,,,,,present,Kees van Oss,AGD/BUNNY,8200,"CH.""BURUN""","BUCODE
BURUN
BUSCR",,Test,
1191,V13B1,AGD,AGD,Chopper Defense,Game,AGD Pack 64,32K+8K,,,,,,,,present,Kees van Oss,AGD/CHOPDEF,8200,"CH.""CDRUN""","CDCODE
CDRUN
CDSCR
CDSCR2",,Test,
1192,V13B1,AGD,AGD,Bunnys Big Adventure,Game,AGD Pack 64,32K+8K,,,,,,,,present,Kees van Oss,AGD/CHUBBY,8200,"CH.""CBRUN""","CBCODE
CBRUN
CBSCR",,Test,
1193,V13B1,AGD,AGD,Combat Wombat,Game,AGD Pack 65,32K+8K,,,,,,,,present,Kees van Oss,AGD/COMBAT,8200,"CH.""CORUN""","COCODE
CORUN
COSCR",,Test,
1194,V13B1,AGD,AGD,Dark Castle,Game,AGD Pack 65,32K+8K,,,,,,,,present,Kees van Oss,AGD/DARKCAS,8200,"CH.""DCRUN""","DCCODE
DCRUN
DCSCR",,Test,
1195,V13B1,AGD,AGD,Defeat the Devil,Game,AGD Pack 65,32K+8K,,,,,,,,present,Kees van Oss,AGD/DEFEATD,8200,"CH.""DDRUN""","DDCODE
DDRUN
DDSCR",,Test,
1196,V13B1,AGD,AGD,Dirty Dozer 2,Game,AGD Pack 65,32K+8K,,,,,,,,present,Kees van Oss,AGD/DIRTYD2,8200,"CH.""DD2RUN""","DD2CODE
DD2PAN
DD2RUN
DD2SCR",,Test,
1197,V13B1,AGD,AGD,Forward to the Past,Game,AGD Pack 66,32K+8K,,,,,,,,present,Kees van Oss,AGD/FORWARD,8200,"CH.""FWRUN""","FWCODE
FWRUN
FWSCR",,Test,
1198,V13B1,AGD,AGD,Gherbert Groundhog Save th,Game,AGD Pack 66,32K+8K,,,,,,,,present,Kees van Oss,AGD/GHERBER,8200,"CH.""GGRUN""","GGCODE
GGRUN
GGSCR",,Test,
1199,V13B1,AGD,AGD,GhoSte's Grunge,Game,AGD Pack 66,32K+8K,,,,,,,,present,Kees van Oss,AGD/GRUNGE,8200,"CH.""GRRUN""","GRCODE
GRRUN",,Test,
1200,V13B1,AGD,AGD,The Man with the Golden JS,Game,AGD Pack 66,32K+8K,,,,,,,,present,Kees van Oss,AGD/HITCH,8200,"CH.""HIRUN""","HICODE
HIRUN
HISCR",,Test,
1201,V13B1,AGD,AGD,Janky Joe in Retro Hell,Game,AGD Pack 67,32K+8K,,,,,,,,present,Kees van Oss,AGD/JANKYJO,8200,"CH.""JJRUN""","JJCODE
JJDAT
JJRUN
JJSCR",,Test,
1202,V13B1,AGD,AGD,Javi Pomez,Game,AGD Pack 68,32K+8K,,,,,,,,present,Kees van Oss,AGD/JAVIPOM,8200,"CH.""JPRUN""","JPCODE
JPRUN
JPSCR",,Test,
1203,V13B1,AGD,AGD,Jet Pack Neo,Game,AGD Pack 68,32K+8K,,,,,,,,present,Kees van Oss,AGD/JETPACK,8200,"CH.""JPNRUN""","JPNCODE
JPNRUN
JPNSCR",,Test,
1204,V13B1,AGD,AGD,Last Escape,Game,AGD Pack 68,32K+8K,,,,,,,,present,Kees van Oss,AGD/LASTESC,8200,"CH.""LERUN""","LECODE
LERUN
LESCR",,Test,
1205,V13B1,AGD,AGD,Mabus Mania,Game,AGD Pack 67,32K+8K,,,,,,,,present,Kees van Oss,AGD/MABUS,8200,"CH.""MMRUN""","MMCODE
MMRUN
MMSCR",,Test,
1206,V13B1,AGD,AGD,Manic Mulholland,Game,AGD Pack 67,32K+8K,,,,,,,,present,Kees van Oss,AGD/MANIC,8200,"CH.""MMRUN""","MMCODE
MMRUN
MMSCR",,Test,
1207,V13B1,AGD,AGD,Mojoni in the Sewer World,Game,AGD Pack 68,32K+8K,,,,,,,,present,Kees van Oss,AGD/MOJONI,8200,"CH.""MORUN""","MOCODE
MORUN
MOSCR",,Test,
1208,V13B1,AGD,AGD,Nevermore,Game,AGD Pack 69,32K+8K,,,,,,,,present,Kees van Oss,AGD/NEVERMO,8200,"CH.""NMRUN""","NMCODE
NMRUN
NMSCR",,Test,
1209,V13B1,AGD,AGD,Ninja Poison1,Game,AGD Pack 69,32K+8K,,,,,,,,present,Kees van Oss,AGD/NINJA1,8200,"CH.""NP1RUN""","NP1CODE
NP1RUN
NP1SCR",,Test,
1210,V13B1,AGD,AGD,Papyrus,Game,AGD Pack 69,32K+8K,,,,,,,,present,Kees van Oss,AGD/PAPYRUS,8200,"CH.""PARUN""","PACODE
PARUN
PASCR",,Test,
1211,V13B1,AGD,AGD,Psycho Santa,Game,AGD Pack 69,32K+8K,,,,,,,,present,Kees van Oss,AGD/PSYCHO,8200,"CH.""PSRUN""","PSCODE
PSRUN
PSSCR",,Test,
1212,V13B1,AGD,AGD,Unicycle,Game,AGD Pack 67,32K+8K,,,,,,,,present,Kees van Oss,AGD/UNICYCL,8200,"CH.""UCRUN""","UCCODE
UCRUN
UCSCR",,Test,
1213,V13B1,Non Comm,Inufuto,AERIAL,Game,,32K+6K,,,,,,,,present,Inufuto,INU,8200,*RUN AERIAL,AERIAL,,Test,
1214,V13B1,Non Comm,Inufuto,ANTIAIR,Game,,32K+6K,,,,,,,,present,Inufuto,INU,8200,*RUN ANTIAIR,ANTIAIR,,Test,
1215,V13B1,Non Comm,Inufuto,BATTLOT,Game,,32K+6K,,,,,,,,present,Inufuto,INU,8200,*RUN BATTLOT,BATTLOT,,Test,
1216,V13B1,Non Comm,Inufuto,BOOTSKEL,Game,,32K+6K,,,,,,,,present,Inufuto,INU,8200,*RUN BOOTSKE,BOOTSKE,,Test,
1217,V13B1,Non Comm,Inufuto,CACORM,Game,,32K+6K,,,,,,,,present,Inufuto,INU,8200,*RUN CACORM,CACORM,,Test,
1218,V13B1,Non Comm,Inufuto,CAVIT,Game,,32K+6K,,,,,,,,present,Inufuto,INU,8200,*RUN CAVIT,CAVIT,,Test,
1219,V13B1,Non Comm,Inufuto,CRACKY,Game,,32K+6K,,,,,,,,present,Inufuto,INU,8200,*RUN CRACKY,CRACKY,,Test,
1220,V13B1,Non Comm,Inufuto,GUNTUS,Game,,32K+6K,,,,,,,,present,Inufuto,INU,8200,*RUN GUNTUS,GUNTUS,,Test,
1221,V13B1,Non Comm,Inufuto,HOPMAN,Game,,32K+6K,,,,,,,,present,Inufuto,INU,8200,*RUN HOPMAN,HOPMAN,,Test,
1222,V13B1,Non Comm,Inufuto,LIFT,Game,,32K+6K,,,,,,,,present,Inufuto,INU,8200,*RUN LIFT,LIFT,,Test,
1223,V13B1,Non Comm,Inufuto,NEURAS,Game,,32K+6K,,,,,,,,present,Inufuto,INU,8200,*RUN NEURAS,NEURAS,,Test,
1224,V13B1,Non Comm,Inufuto,YEWDOW,Game,,32K+6K,,,,,,,,present,Inufuto,INU,8200,*RUN YEWDOW,YEWDOW,,Test,
1225,V13B1,ROMS,Pearce,ATOM SIGN ROM,Utility,,,,,,,,,,present,,ROMS/PES/SIGN,8200,"PRINT TO INITIALIZE: LINK #A000
PRINT FOR HELP: SEE FORUM
*LOAD 1E13 8800",1E13,,Test,
1226,V13B1,Non Comm,Non Comm,Pie Chart Generator,Graphics,,32K+8K,Yes,No,Yes,No,,,,present,,NC,8200,"CH.""PIE-CHA""",PIE-CHA,,Test,
1227,V13B1,Non Comm,Non Comm,KAARTEN,Game,,,,No,Yes,No,,,,present,,NC,8200,"CH.""KAARTEN""",KAARTEN,,Test,
1228,V13B1,Non Comm,Non Comm,K-TRUUK,Game,,,,,,,,,,present,,NC,8200,"CH.""K-TRUUK""",K-TRUUK,,Test,
1229,V13B1,Non Comm,Non Comm,GAGS Demo 2,Graphics,,32K+6K,Yes,No,Yes,No,,,,present,,NC,8200,"CH.""GAGDEM2""",GAGDEM2,,Test,
1230,V13B1,Non Comm,Non Comm,Piet Heim (Reversi),Game,,,,No,No,Yes,,,,present,,NC,8200,"CH.""P-HEIN""",P-HEIN,,Test,
1231,V13B1,Magazines,PCW,Four-Stroke Cycle,Graphics,,,,,,,,,,present,Jonathan Empson,PCW,8200,"CH.""4STROKE""",4STROKE,,Test,
1232,V13B1,Magazines,PCW,Backgammon,Game,,,,,,,,,,present,Peter Robinson,PCW,8200,"CH.""BACKGAM""",BACKGAM,,Test,
1233,V13B1,Magazines,PCW,Missile Dodge,Game,,,,,,,,,,present,Stuart Johnson,PCW,8200,"CH.""MISDODG""",MISDODG,,Test,
1234,V13B1,Magazines,PCW,Ghost Maze,Game,,,,,,,,,,present,A S Whittington,PCW,8200,"CH.""GHOST""",GHOST,,Test,
1235,V13B1,Magazines,PCW,Turbo,Game,,,,,,,,,,present,Russell Wheeler,PCW,8200,"CH.""TURBO""",TURBO,,Test,
1236,V13B1,Magazines,PCW,Cakes,Game,,,,,,,,,,present,Russell Wheeler,PCW,8200,"CH.""CAKES""",CAKES,,Test,
1237,V14B1,Magazines,PCW,Footprints,Game,,,Yes,,,,,,,present,Peter Robinson,PCW,8200,"CH.""FOOTPRI""",FOOTPRI,,Test,
1238,V13B1,Magazines,PCT,Calendar,Utility,,,,,,,,,,present,Barry Pickles,PCT,8200,"CH.""CALENDR""",CALENDR,,Test,
1239,V13B1,Magazines,PCT,Double Speed Saver,Utility,,,,,,,,,,present,P J Sadler,PCT,8200,"CH.""DSAVE""",DSAVE,,Test,
1240,V13B1,Magazines,PCT,Gas/Electric Estimator,Utility,,,Yes,,,,,,,present,D Tyler,PCT,8200,"CH.""GASELEC""",GASELEC,,Test,
1241,V13B1,Magazines,PCT,Inverse Video,Utility,,,,,,,,,,present,N Tonks,PCT,8200,"CH.""INVERT""",INVERT,,Test,
1242,V13B1,Magazines,PCT,Trang,Game,,,Yes,,,,,,,present,S Drayper,PCT,8200,"CH.""TRANG""",TRANG,,Test,
1243,V13B1,Magazines,PCT,Worm,Game,,,,,,,,,,present,A P Morris,PCT,8200,"CH.""WORM""",WORM,,Test,
1244,V13B1,Magazines,PCT,Up and Down Lister,Utility,,,,,,,,,,present,Peter Reber,PCT,8200,"CH.""UPDOWN""",UPDOWN,,Test,
1245,V13B1,Books,Getting Acquainted,Breakout,Game,,,,,,,,,,present,???,GA,8200,"CH.""BREAKOU""",BREAKOU,,Works,
1246,V13B1,Books,Getting Acquainted,Labyrinth,Game,,,,,,,,,,present,???,GA,8200,"CH.""LABYRIN""",LABYRIN,,Works,
1247,V13B1,Books,Getting Acquainted,Swappo,Game,,,,,,,,,,present,???,GA,8200,"CH.""SWAPPO""",SWAPPO,,Works,
1248,V14B1,AGD,AGD,The 8 Bit Wars,Game,AGD Pack 70,32K+8K,,,,,,,,present,Kees van Oss,AGD/8BITWAR,8200,"CH.""8BWRUN""","8BWCODE
8BWPAN
8BWRUN
8BWSCR",,Test,
1249,V14B1,AGD,AGD,AI Made me do it,Game,AGD Pack 74,32K+8K,,,,,,,,present,Kees van Oss,AGD/AI,8200,"CH.""AIRUN""","AICODE
AIRUN
AISCR",,Test,
1250,V14B1,AGD,AGD,Blocktor Woot,Game,AGD Pack 74,32K+8K,,,,,,,,present,Kees van Oss,AGD/BLOCKTO,8200,"CH.""BWRUN""","BWCODE
BWRUN
BWSCR",,Test,
1251,V14B1,AGD,AGD,Bubble Trouble,Game,AGD Pack 75,32K+8K,,,,,,,,present,Kees van Oss,AGD/BUBBLET,8200,"CH.""BTRUN""","BTCODE
BTRUN
BTSCR",,Test,
1252,V14B1,AGD,AGD,Chispy,Game,AGD Pack 74,32K+8K,,,,,,,,present,Kees van Oss,AGD/CHISPY,8200,"CH.""CHRUN""","CHCODE
CHRUN
CHSCR",,Test,
1253,V14B1,AGD,AGD,e in King Chrums Gold Min,Game,AGD Pack 74,32K+8K,,,,,,,,present,Kees van Oss,AGD/CHRUMA,8200,"CH.""CHRUN""","CHCODE
CHRUN
CHSCR",,Test,
1254,V14B1,AGD,AGD,Cocaine Bear,Game,AGD Pack 71,32K+8K,,,,,,,,present,Kees van Oss,AGD/COCAINE,8200,"CH.""CBRUN""","CBCODE
CBRUN",,Test,
1255,V14B1,AGD,AGD,Corey Coolbrew,Game,AGD Pack 75,32K+8K,,,,,,,,present,Kees van Oss,AGD/COREY,8200,"CH.""CCRUN""","CCCODE
CCRUN
CCSCR",,Test,
1256,V14B1,AGD,AGD,Cyclus1,Game,AGD Pack 75,32K+8K,,,,,,,,present,Kees van Oss,AGD/CYCLUS1,8200,"CH.""CY1RUN""","CY1CODE
CY1PAN
CY1RUN
CY1SCR",,Test,
1257,V14B1,AGD,AGD,Cyclus2,Game,AGD Pack 75,32K+8K,,,,,,,,present,Kees van Oss,AGD/CYCLUS2,8200,"CH.""CY2RUN""","CY2CODE
CY2RUN
CY2SCR",,Test,
1258,V14B1,AGD,AGD,Dark Knight 2,Game,AGD Pack 76,32K+8K,,,,,,,,present,Kees van Oss,AGD/DARKKNI,8200,"CH.""DN2RUN""","DN2CODE
DN2PAN
DN2RUN
DN2SCR
DN2SCR2",,Test,
1259,V14B1,AGD,AGD,Driar,Game,AGD Pack 76,32K+8K,,,,,,,,present,Kees van Oss,AGD/DRIAR,8200,"CH.""DRRUN""","DRCODE
DRRUN
DRSCR",,Test,
1260,V14B1,AGD,AGD,The day before the day th,Game,AGD Pack 70,32K+8K,,,,,,,,present,Kees van Oss,AGD/EARTHST,8200,"CH.""DERUN""","DECODE
DERUN
DESCR",,Test,
1261,V14B1,AGD,AGD,Frankee goes home,Game,AGD Pack 76,32K+8K,,,,,,,,present,Kees van Oss,AGD/FRANKEE,8200,"CH.""FRRUN""","FRCODE
FRRUN
FRSCR",,Test,
1262,V14B1,AGD,AGD,Franky Lost his Body,Game,AGD Pack 73,32K+8K,,,,,,,,present,Kees van Oss,AGD/FRANKY,8200,"CH.""FRRUN""","FRCODE
FRRUN
FRSCR",,Test,
1263,V14B1,AGD,AGD,The Goblin,Game,AGD Pack 70,32K+8K,,,,,,,,present,Kees van Oss,AGD/GOBLIN,8200,"CH.""GORUN""","GOCODE
GORUN
GOSCR",,Test,
1264,V14B1,AGD,AGD,The Hairy Fly,Game,AGD Pack 70,32K+8K,,,,,,,,present,Kees van Oss,AGD/HAIRFLY,8200,"CH.""HFRUN""","HFCODE
HFRUN
HFSCR",,Test,
1265,V14B1,AGD,AGD,Mr Hair and the Kitty Kat,Game,AGD Pack 71,32K+8K,,,,,,,,present,Kees van Oss,AGD/HAIRKIT,8200,"CH.""KKRUN""","KKCODE
KKRUN
KKSCR",,Test,
1266,V14B1,AGD,AGD,Mr Hair a very hairy Remi,Game,AGD Pack 71,32K+8K,,,,,,,,present,Kees van Oss,AGD/HAIRREM,8200,"CH.""HRRUN""","HRCODE
HRRUN
HRSCR",,Test,
1267,V14B1,AGD,AGD,Herbie wants to be a Milli,Game,AGD Pack 76,32K+8K,,,,,,,,present,Kees van Oss,AGD/HERBIE,8200,"CH.""HMRUN""","HMCODE
HMRUN
HMSCR",,Test,
1268,V14B1,AGD,AGD,Enter the Prilel,Game,AGD Pack 71,32K+8K,,,,,,,,present,Kees van Oss,AGD/PRILEL,8200,"CH.""EPRUN""","EPCODE
EPPAN
EPRUN
EPSCR",,Test,
1269,V14B1,AGD,AGD,Restless Andre,Game,AGD Pack 72,32K+8K,,,,,,,,present,Kees van Oss,AGD/RESTLES,8200,"CH.""RARUN""","RACODE
RARUN
RASCR",,Test,
1270,V14B1,AGD,AGD,Roasty,Game,AGD Pack 72,32K+8K,,,,,,,,present,Kees van Oss,AGD/ROASTY,8200,"CH.""RORUN""","ROCODE
RORUN
ROSCR",,Test,
1271,V14B1,AGD,AGD,Spider Mami,Game,AGD Pack 72,32K+8K,,,,,,,,present,Kees van Oss,AGD/SPIDERM,8200,"CH.""SMRUN""","SMCODE
SMRUN
SMSCR",,Test,
1272,V14B1,AGD,AGD,Jet Set Steamboat Willie,Game,AGD Pack 72,32K+8K,,,,,,,,present,Kees van Oss,AGD/WILLIE,8200,"CH.""SWRUN""","SWCODE
SWRUN
SWSCR",,Test,
1273,V14B1,AGD,AGD,The Witch,Game,AGD Pack 73,32K+8K,,,,,,,,present,Kees van Oss,AGD/WITCH,8200,"CH.""TWRUN""","TWCODE
TWRUN
TWSCR",,Test,
1274,V14B1,AGD,AGD,Yokai Monk,Game,AGD Pack 73,32K+8K,,,,,,,,present,Kees van Oss,AGD/YOKAI,8200,"CH.""YMRUN""","YMCODE
YMRUN
YMSCR",,Test,
1275,V14B1,AGD,AGD,Ziona Quest,Game,AGD Pack 73,32K+8K,,,,,,,,present,Kees van Oss,AGD/ZIONA,8200,"CH.""ZIRUN""","ZICODE
ZIRUN
ZISCR",,Test,
1276,V14B1,Non Comm,Inufuto,OSOTOS,Game,,32K+6K,,,,,,,,present,Inufuto,INU,8200,*RUN OSOTOS,OSOTOS,,Test,
1277,V14B1,Non Comm,Inufuto,MIEYEN,Game,,32K+6K,,,,,,,,present,Inufuto,INU,8200,*RUN MIEYEN,MIEYEN,,Test,
1278,V14B1,Non Comm,Inufuto,MAZY2,Game,,32K+6K,,,,,,,,present,Inufuto,INU,8200,*RUN MAZY2,MAZY2,,Test,
1279,V14B1,Non Comm,Inufuto,SVELLAS,Game,,32K+6K,,,,,,,,present,Inufuto,INU,8200,*RUN SVELLAS,SVELLAS,,Test,
1280,V14B1,Non Comm,Inufuto,AWASS,Game,,32K+6K,,,,,,,,present,Inufuto,INU,8200,*RUN AWASS,AWASS,,Test,
1281,V14B1,Modern,Non Comm,"RAM Test 00-03,28-3B",Utility,Test,,,,,,,,,present,David Banks,NC/TEST,9200,*RUN RAM060,RAM060,,Test,
1282,V14B1,Modern,Non Comm,RAM Test 00-3F,Utility,Test,,,,,,,,,present,David Banks,NC/TEST,9200,*RUN RAM160,RAM160,,Test,
1283,V14B1,Modern,Non Comm,RAM Test 00-7F,Utility,Test,,,,,,,,,present,David Banks,NC/TEST,9200,*RUN RAM320,RAM320,,Test,
1284,V14B1,Modern,Non Comm,RAM Test 82-97,Utility,Test,,,,,,,,,present,David Banks,NC/TEST,8200,*RUN RAM006,RAM006,,Test,
1285,V14B1,Modern,Non Comm,RAM Test 82-9F,Utility,Test,,,,,,,,,present,David Banks,NC/TEST,8200,*RUN RAM008,RAM008,,Test,
1286,V14B1,ROMS,Non Comm,"RAM Test 28-3B,82-97",Utility,Test,,,,,,,,,present,David Banks,NC/TEST,8200,"PRINT TO RUN: LINK#A000
*LOAD AROM066 8800",AROM066,,Test,
1287,V14B1,ROMS,Non Comm,"RAM Test 28-3B,82-9F",Utility,Test,,,,,,,,,present,David Banks,NC/TEST,8200,"PRINT TO RUN: LINK#A000
*LOAD AROM068 8800",AROM068,,Test,
1288,V14B1,ROMS,Non Comm,RAM Test 00-6F,Utility,Test,,,,,,,,,present,David Banks,NC/TEST,8200,"PRINT TO RUN: LINK#A000
*LOAD AROM280 8800",AROM280,,Test,
1289,V14B1,Modern,Non Comm,Atomic RAM Test,Utility,Test,,,,,,,,,present,Kees vas Oss,NC/TEST,8200,"CH.""RAMTEST""",RAMTEST,,Test,
1290,V14B1,Non Comm,Non Comm,Mandelbrot,Graphics,,,Yes,,,,,,,present,Matalog,NC,8200,"CH.""MANDEL""",MANDEL,,Test,
1291,V14B1,Books,The Atom,Life,Simulation,,,,,,,,,,present,,TA,8200,"CH.""LIFE""",LIFE,,Test,
1292,V14B1,Magazines,PE,Fascimile,Utility,,,Yes,,,,,,,present,,PE,8200,"CH.""DIGIFAX""",DIGIFAX,,Test,
1293,V14B1,Magazines,PE,Morse Tutor,Utility,,,,,,,,,,present,,PE,8200,"CH.""MORSE""",MORSE,,Test,
1294,V14B1,Modern,Retro S/W,DareDevil Dennis,Game,RS Colour,32K+6K,Yes,,,,,,,present,Kees van Oss,RS/DDD,8200,"CH.""DDDRUN""","DATA
DDDCODE
DDDRUN
DDDSCR
DDDTUNE
INLAY
INTRO
LOADER",,Test,
1295,V14B1,Modern,Retro S/W,TREES & TENTS,Game,RS Mono,32K+8K,,,,,,,Both,present,Kees van Oss,RS/TENTS,8200,"CH.""TTRUN""","TTCODE
TTRUN
TTSCR",,Works,
